Player Name,Team,Region,Circuit,Agents,Rounds,Rating,ACS,K:D,ADR,KAST,KPR,APR,FKPR,FDPR,Player ID
Zayce,XLB,all,global,"neon, raze, jett",362,1.30,267.1,1.41,162.0,77%,0.96,0.20,0.18,0.10,56432
something,PRX,all,"global,vct-pacific","jett, yoru, brimstone",543,1.29,245.6,1.50,160.8,77%,0.89,0.21,0.17,0.09,17086
KADIRI,YJ,all,global,"chamber, cypher, killjoy",636,1.29,260.1,1.46,169.1,77%,0.94,0.13,0.18,0.09,43125
vo0kashu,DRG,all,global,"cypher, viper, vyse",338,1.28,235.1,1.28,159.4,77%,0.83,0.29,0.08,0.05,3741
Seoldam,RID,all,global,"neon, jett",228,1.28,278.9,1.34,171.1,72%,0.94,0.20,0.21,0.14,10584
deviceHP,1TAP,all,global,"neon, raze, omen",322,1.27,287.2,1.28,189.0,78%,0.99,0.29,0.20,0.10,56062
t3xture,GEN,all,"global,vct-pacific","chamber, raze, phoenix",425,1.26,261.5,1.41,161.1,72%,0.95,0.14,0.17,0.11,9196
Neon,LEV,vct,"global,vct-americas","chamber, omen, brimstone",543,1.25,226.6,1.45,147.1,77%,0.83,0.27,0.13,0.09,29243
Kassielsy,,all,global,"killjoy, waylay, phoenix",362,1.25,247.9,1.40,162.1,76%,0.91,0.18,0.14,0.11,56679
brawk,NRG,vct,"global,vct-americas","sova, deadlock, vyse",489,1.24,225.4,1.28,146.5,79%,0.77,0.41,0.07,0.04,2172
primmie,FS,vct,"global,vct-pacific","phoenix, waylay, raze",442,1.24,265.4,1.31,166.7,74%,0.92,0.23,0.20,0.14,25255
Meiy,DFM,all,"global,vct-pacific","raze, jett, neon",317,1.24,256.1,1.28,157.2,72%,0.92,0.14,0.19,0.12,6672
sonofcar,NW,all,global,"neon, jett, chamber",937,1.24,272.2,1.31,176.8,73%,0.94,0.20,0.20,0.17,29074
marteen,M8,all,"global,vct-emea","veto, raze, phoenix",291,1.22,249.0,1.24,168.1,74%,0.86,0.26,0.10,0.12,10307
Fizzy,SGE,all,global,"omen, brimstone, astra",304,1.22,201.5,1.36,126.0,80%,0.73,0.42,0.07,0.04,7660
oroni,BJK,all,global,"tejo, vyse, neon",432,1.22,233.2,1.26,155.1,75%,0.85,0.20,0.14,0.08,52965
Bonobo,OG,all,global,"skye, phoenix, cypher",745,1.22,231.0,1.24,151.4,79%,0.82,0.40,0.08,0.08,36747
jduh,GX.GC,gc,"gc,global","omen, brimstone, astra",670,1.22,213.8,1.27,139.6,78%,0.78,0.44,0.05,0.06,17332
dodonut,SRG,all,global,"neon, jett, raze",523,1.22,252.2,1.26,166.0,75%,0.89,0.19,0.20,0.15,9185
MONSTEERR,SGE,all,global,"viper, cypher, killjoy",304,1.22,237.5,1.38,157.9,76%,0.86,0.24,0.10,0.09,3127
Less,KRÜ,vct,"global,vct-americas","viper, cypher",335,1.21,237.4,1.35,155.6,72%,0.86,0.24,0.12,0.09,8447
kozzy,EP,all,global,"neon, waylay, jett",402,1.21,259.1,1.35,166.3,78%,0.95,0.17,0.20,0.14,55681
Kachoww,S2G,all,global,"neon, phoenix, waylay",535,1.21,261.8,1.31,173.3,75%,0.93,0.25,0.19,0.14,58496
Boni,M80,all,global,"jett, neon, raze",348,1.21,255.5,1.29,160.3,77%,0.91,0.26,0.25,0.15,24553
Ruxic,NAVI,vct,"global,vct-emea","astra, omen, brimstone",281,1.20,228.8,1.23,148.0,75%,0.81,0.38,0.09,0.06,18677
kubfu,LP,all,global,"phoenix, astra, killjoy",254,1.20,236.4,1.23,155.7,74%,0.83,0.21,0.11,0.09,36402
NiSMO,M80,all,global,"kayo, omen, deadlock",348,1.20,230.2,1.21,147.6,76%,0.78,0.54,0.08,0.08,4828
Hinataa,SNX.F,all,global,"neon, jett",214,1.20,227.0,1.32,147.6,77%,0.88,0.20,0.14,0.15,19715
slowly,TYL,all,global,"omen, brimstone, astra",259,1.20,197.3,1.03,137.8,70%,0.70,0.29,0.06,0.04,41739
Kadoom,SP,all,global,"raze, neon, jett",320,1.20,257.8,1.30,163.8,76%,0.88,0.22,0.19,0.22,12098
Jemkin,RRQ,vct,"global,vct-pacific","waylay, raze, killjoy",469,1.19,226.0,1.30,146.4,71%,0.83,0.16,0.16,0.14,24895
melya,100T,all,global,"viper, killjoy, cypher",507,1.19,229.7,1.29,152.0,74%,0.87,0.27,0.09,0.09,19556
endoist,XGOD,all,global,"jett, raze, neon",482,1.19,262.3,1.27,168.7,73%,0.92,0.22,0.16,0.15,41694
AsianVyn,Kind,all,global,"neon, kayo, fade",431,1.19,239.0,1.29,152.1,73%,0.86,0.23,0.13,0.10,40759
niekk,EVE,all,global,"viper, harbor, omen",225,1.19,227.5,1.22,136.7,73%,0.80,0.36,0.09,0.08,51429
bucute,FCY,all,global,"omen, chamber, viper",396,1.19,222.4,1.25,149.3,77%,0.80,0.35,0.13,0.13,48575
GSR,TLA,all,global,"chamber, phoenix, vyse",530,1.19,243.6,1.23,162.7,77%,0.85,0.27,0.13,0.09,50813
none,BDA,all,global,"omen, tejo, waylay",228,1.19,251.1,1.18,164.0,70%,0.85,0.25,0.16,0.15,33177
keiko,NRG,all,"global,vct-americas","killjoy, omen, jett",738,1.18,232.8,1.22,153.3,73%,0.83,0.31,0.12,0.09,11494
Jinggg,PRX,vct,"global,vct-pacific","raze, phoenix, omen",564,1.18,239.6,1.25,155.9,77%,0.84,0.31,0.13,0.09,7378
Luid,MIBR.AC,all,global,"phoenix, raze, jett",240,1.18,250.9,1.24,156.9,75%,0.88,0.23,0.21,0.13,32802
arcto,ARC,all,global,"omen, astra, viper",342,1.18,222.6,1.16,151.4,78%,0.79,0.33,0.08,0.06,56457
globeX,BAR,all,global,"neon, raze, jett",412,1.18,248.6,1.20,160.5,72%,0.88,0.21,0.19,0.16,40004
StarBound,WADA,all,global,"chamber, jett",237,1.18,210.4,1.26,138.8,72%,0.78,0.12,0.11,0.08,8329
lucas,TEC,all,global,"sova, fade, skye",265,1.18,231.6,1.22,161.7,72%,0.83,0.33,0.06,0.07,19677
cortezia,SEN,all,"global,vct-americas","killjoy, viper, cypher",492,1.17,211.4,1.28,138.2,72%,0.76,0.20,0.11,0.09,5395
iZu,T1,vct,"global,vct-pacific","chamber, killjoy, tejo",400,1.17,215.2,1.33,141.9,72%,0.80,0.14,0.12,0.09,29833
kellyS,TS,all,"global,vct-pacific","kayo, skye, chamber",314,1.17,223.8,1.14,154.6,78%,0.78,0.38,0.13,0.08,7437
sickrey,tras,all,global,"killjoy, sova, vyse",416,1.17,220.6,1.26,149.0,74%,0.76,0.22,0.06,0.04,5795
frz,2G,all,global,"fade, sova, skye",212,1.17,214.1,1.22,139.3,79%,0.75,0.34,0.04,0.05,651
Loss,BEST,all,global,"waylay, neon, phoenix",247,1.17,260.5,1.29,167.6,72%,0.91,0.19,0.21,0.18,37105
f1cio,FCY,all,global,"astra, viper, cypher",396,1.17,205.5,1.23,132.1,78%,0.73,0.41,0.09,0.07,8225
CHICHOO,EDG,all,global,"cypher, viper, omen",506,1.17,203.3,1.18,138.0,74%,0.73,0.32,0.07,0.07,15559
Tofu,,all,global,"sova, fade, phoenix",501,1.17,236.6,1.23,160.9,76%,0.84,0.28,0.09,0.07,57165
Apinya,SP,all,global,"fade, skye, sage",320,1.17,230.9,1.33,153.8,77%,0.84,0.27,0.08,0.08,15897
oonzmlp,VL,vct,vct-pacific,"cypher, kayo, chamber",275,1.16,229.1,1.19,151.0,71%,0.81,0.25,0.13,0.10,34926
Frostt,DP,all,global,"cypher, vyse, raze",209,1.16,226.2,1.17,152.4,70%,0.82,0.21,0.06,0.07,58750
SWERL,NOVA,all,global,"raze, jett, waylay",618,1.16,232.0,1.26,150.1,78%,0.79,0.29,0.16,0.14,1209
PTC,SP,all,global,"deadlock, astra, viper",320,1.16,210.2,1.24,137.1,79%,0.75,0.35,0.10,0.07,3401
Laz,SP,all,global,"vyse, viper, killjoy",320,1.16,192.8,1.33,128.0,81%,0.71,0.20,0.09,0.05,8582
m4ndzin,LFL,all,global,"omen, brimstone, phoenix",214,1.16,228.5,1.21,151.1,74%,0.84,0.42,0.12,0.14,9821
Mathi,UW,all,global,"raze, phoenix",278,1.16,239.0,1.15,156.5,73%,0.81,0.26,0.16,0.06,41128
Vania,G2G,all,global,"brimstone, omen, harbor",674,1.16,202.9,1.20,127.7,78%,0.73,0.41,0.08,0.05,20064
furbsa,YFP,all,global,"iso, phoenix, jett",375,1.16,245.4,1.26,162.3,74%,0.86,0.18,0.15,0.13,21886
Elite,MISA,all,global,"viper, astra, cypher",212,1.16,220.8,1.24,146.3,75%,0.81,0.24,0.12,0.10,16459
peixeh,FUR.AC,all,global,"omen, astra, brimstone",209,1.16,196.3,1.17,128.1,75%,0.72,0.37,0.11,0.08,37091
Pa1ze,FKS,all,global,"neon, raze, jett",326,1.16,263.1,1.24,173.7,71%,0.93,0.17,0.22,0.16,24424
turkish,MIBR.AC,all,global,"cypher, vyse, omen",240,1.16,196.2,1.25,135.3,74%,0.72,0.25,0.06,0.04,32801
trent,G2,vct,"global,vct-americas","fade, sova",608,1.15,202.1,1.12,137.2,77%,0.70,0.34,0.06,0.05,15500
QuinT,GES,all,global,"omen, brimstone, chamber",245,1.15,213.2,1.10,141.4,77%,0.75,0.33,0.10,0.08,49565
Kicks,TLA,all,global,"omen, fade, breach",530,1.15,200.8,1.15,134.1,76%,0.71,0.33,0.06,0.06,11134
Jamelinho213,SGE,all,global,"raze, neon, jett",304,1.15,263.9,1.23,170.2,72%,0.90,0.21,0.20,0.18,57336
Jelly,TLV,all,global,"neon, waylay, raze",302,1.15,245.6,1.15,158.3,74%,0.86,0.16,0.23,0.16,21435
Zanks,DYNA,all,global,"jett, neon, clove",706,1.15,231.2,1.16,149.9,75%,0.81,0.21,0.13,0.11,49857
Noia,SRG,all,global,"killjoy, viper, cypher",523,1.15,216.7,1.24,149.2,75%,0.79,0.24,0.08,0.07,17397
Marti,M8GC,all,global,"phoenix, raze, breach",665,1.15,230.0,1.11,155.3,75%,0.76,0.43,0.13,0.11,21158
MaKo,KRX,vct,"global,vct-pacific","astra, brimstone, omen",435,1.14,204.8,1.12,137.7,77%,0.72,0.40,0.09,0.07,4462
sunfloweR,FMG,all,global,"brimstone, omen, viper",594,1.14,225.2,1.13,148.3,74%,0.78,0.38,0.10,0.10,39695
minh2,ROY,all,global,"neon, chamber, waylay",452,1.14,225.3,1.10,154.5,71%,0.81,0.19,0.14,0.11,51893
ion,ADG,all,global,"phoenix, jett, reyna",257,1.14,234.3,1.21,159.4,71%,0.84,0.19,0.15,0.14,29547
YESicaN,FCY,all,global,"breach, omen, kayo",396,1.14,180.6,1.12,120.5,78%,0.64,0.43,0.06,0.03,1437
Vašek,RBT,all,global,"sova, fade, skye",332,1.14,208.3,1.10,140.4,70%,0.71,0.28,0.06,0.06,8014
SimonD4rk,DSY,all,global,"raze, neon, jett",416,1.14,249.6,1.16,157.1,73%,0.87,0.20,0.18,0.16,1470
TakaS,MDR,all,global,"neon, waylay",277,1.14,258.1,1.22,163.5,71%,0.92,0.18,0.21,0.14,301
MONKEY BUSINESS,DGTL,all,global,"chamber, jett, sage",640,1.14,232.1,1.24,150.1,73%,0.84,0.14,0.13,0.10,25925
Kring,TBK,all,global,"fade, sova, skye",240,1.14,220.9,1.21,140.7,75%,0.77,0.34,0.11,0.08,32675
toozy,NBG,all,global,"fade, phoenix, skye",668,1.14,200.1,1.16,131.6,74%,0.72,0.36,0.06,0.06,20959
haeyoday,NRGA,all,global,"waylay, raze, jett",237,1.14,236.6,1.21,155.3,74%,0.83,0.17,0.19,0.14,46011
maestr0,TBK,all,global,"omen, neon, phoenix",215,1.14,232.4,1.26,147.0,71%,0.87,0.24,0.10,0.13,32717
Veyron,WU,all,global,"viper, killjoy, cypher",200,1.14,209.7,1.22,143.9,77%,0.77,0.25,0.06,0.06,62415
roxthi,VCD,all,global,"killjoy, viper, cypher",261,1.14,234.3,1.20,159.5,72%,0.83,0.19,0.09,0.08,27728
david,BEST,all,global,"phoenix, viper, cypher",209,1.14,250.7,1.14,161.5,77%,0.83,0.33,0.15,0.12,12872
erde,LOUD,vct,"global,vct-americas","omen, kayo, brimstone",159,1.13,212.6,1.10,139.1,73%,0.76,0.31,0.09,0.10,29242
Sayonara,VIT,vct,"global,vct-emea","sova, phoenix, viper",534,1.13,222.3,1.17,149.6,73%,0.78,0.26,0.09,0.07,33902
RYRY,TROO,all,global,"raze, jett, viper",234,1.13,242.3,1.14,163.8,73%,0.85,0.20,0.13,0.10,33040
Saul,Kind,all,global,"brimstone, omen, astra",368,1.13,218.8,1.08,144.7,74%,0.79,0.41,0.11,0.06,61391
Pa1nt,SAD,all,global,"phoenix, raze, neon",213,1.13,239.1,1.11,155.4,77%,0.77,0.38,0.15,0.11,23407
NIZ,XGOD,all,global,"brimstone, omen, sova",320,1.13,188.3,1.18,128.0,78%,0.68,0.39,0.07,0.04,40511
Proxh,M8,all,global,"omen, astra, brimstone",402,1.13,211.4,1.21,138.1,78%,0.76,0.40,0.07,0.05,45494
77even,FMG,all,global,"neon, waylay, raze",677,1.13,237.7,1.17,156.4,74%,0.85,0.17,0.19,0.14,58290
Jade,,all,global,"fade, sova, kayo",486,1.13,214.8,1.12,145.5,73%,0.76,0.31,0.09,0.07,41207
Senor,,all,global,chamber,242,1.13,219.5,1.22,151.7,71%,0.80,0.12,0.08,0.09,60900
Karma,Drea,all,global,"viper, deadlock, harbor",261,1.13,218.3,1.07,145.0,74%,0.77,0.29,0.09,0.08,59570
Fair,EVX,all,global,"omen, astra, clove",705,1.13,238.2,1.16,156.3,71%,0.83,0.25,0.18,0.14,30743
theusz,HOUN,all,global,"neon, omen, sova",219,1.13,229.3,1.19,147.6,74%,0.78,0.27,0.09,0.12,41866
aspas,MIBR,all,"global,vct-americas","jett, raze, neon",340,1.12,230.2,1.18,151.3,74%,0.83,0.17,0.15,0.09,8480
invy,PRX,all,"global,vct-pacific","skye, fade, sova",543,1.12,198.9,1.11,136.5,77%,0.68,0.43,0.08,0.05,8504
Georggyyy,THUN,all,global,"waylay, omen, phoenix",481,1.12,229.3,1.14,153.8,74%,0.80,0.29,0.15,0.14,9745
ReZet,5D,all,global,neon,206,1.12,243.4,1.19,155.1,72%,0.89,0.16,0.17,0.15,54224
Derrek,QOR,all,global,"tejo, sova, fade",283,1.12,217.8,1.15,148.8,75%,0.77,0.27,0.06,0.05,1533
izana,F9,all,global,"viper, killjoy, cypher",215,1.12,226.5,1.12,146.7,68%,0.76,0.20,0.11,0.07,36389
hoops,DGTL,all,global,"viper, cypher, omen",600,1.12,222.2,1.16,147.5,73%,0.78,0.28,0.10,0.10,57181
payne,SAD,all,global,"brimstone, omen, astra",213,1.12,192.9,1.09,128.7,78%,0.69,0.45,0.04,0.03,39239
PowerPixele,WADA,all,global,"fade, skye, astra",237,1.12,221.6,1.10,145.8,74%,0.76,0.42,0.10,0.06,24237
kamyk,JL,all,global,"viper, omen, chamber",532,1.12,205.7,1.18,131.6,75%,0.77,0.28,0.09,0.08,1475
reazy,S2G,all,global,"omen, viper, cypher",535,1.12,205.2,1.18,136.6,77%,0.75,0.33,0.09,0.08,10146
saadhak,KRÜ,vct,"global,vct-americas","omen, brimstone, harbor",335,1.11,211.2,1.11,135.2,71%,0.74,0.38,0.11,0.11,727
xffero,RRQ,all,"global,vct-pacific","astra, cypher, veto",451,1.11,209.8,1.14,141.3,74%,0.74,0.23,0.09,0.07,4871
Zeus,TS,all,"global,vct-pacific",neon,314,1.11,248.4,1.15,160.2,77%,0.88,0.22,0.21,0.20,46135
azury,SGE,all,global,"skye, phoenix, viper",304,1.11,189.9,1.15,123.7,79%,0.67,0.39,0.07,0.06,4629
qck,2G,all,global,"vyse, phoenix, killjoy",212,1.11,227.3,1.16,146.1,73%,0.79,0.27,0.13,0.13,1575
atlas,YFT,all,global,"neon, killjoy, iso",923,1.11,241.3,1.18,153.6,74%,0.87,0.29,0.12,0.09,32654
Lime,EP,all,global,"raze, yoru, tejo",402,1.11,218.8,1.15,143.8,79%,0.78,0.21,0.13,0.10,10338
Fw,TOT,all,global,"omen, viper, sova",245,1.11,208.8,1.07,133.6,73%,0.71,0.39,0.06,0.08,44903
PuriTy,ATNR,all,global,"neon, jett, raze",486,1.11,238.5,1.13,147.8,69%,0.84,0.20,0.17,0.14,45174
slathom999,GEEK,all,global,"miks, omen, astra",457,1.11,211.3,1.11,138.0,77%,0.71,0.37,0.08,0.07,10251
vita,SAD,all,global,"neon, jett, raze",400,1.11,249.4,1.17,153.7,72%,0.88,0.21,0.19,0.17,45696
Dynamite,TEC,all,global,"phoenix, raze, neon",265,1.11,218.9,0.98,165.8,72%,0.74,0.27,0.13,0.21,42235
Mystizip,UW,all,global,"vyse, omen, viper",239,1.11,202.5,1.15,134.9,74%,0.73,0.35,0.08,0.06,48863
glowstick,YFP.X,all,global,"fade, sova",375,1.11,191.8,1.18,122.1,78%,0.69,0.35,0.05,0.03,54657
Minimise,BONK,all,global,"phoenix, skye, sova",776,1.11,205.7,1.12,139.4,71%,0.71,0.33,0.07,0.10,5228
Kaduester,Eter,all,global,"reyna, jett, waylay",243,1.11,242.1,1.09,161.7,69%,0.84,0.21,0.24,0.16,49465
ecco,YJ,all,global,"deadlock, neon, raze",439,1.11,222.4,1.14,150.0,72%,0.80,0.24,0.09,0.08,47212
Leen,TWO,all,global,"raze, chamber, neon",462,1.11,244.5,1.23,155.9,69%,0.87,0.13,0.19,0.13,39027
Reduxx,CUBE,all,global,"omen, raze, iso",492,1.11,235.8,1.16,149.3,74%,0.84,0.23,0.14,0.07,8419
Jesse,UCAM,all,global,"astra, omen, brimstone",445,1.11,184.4,1.09,120.8,79%,0.65,0.46,0.03,0.04,2653
Asuna,100T,all,"global,vct-americas","neon, sage, kayo",443,1.10,222.2,1.12,147.4,74%,0.78,0.35,0.12,0.13,601
kaajak,FNC,vct,"global,vct-emea","neon, jett, waylay",364,1.10,235.6,1.21,152.1,69%,0.86,0.16,0.18,0.15,9554
Alfajer,FNC,vct,"global,vct-emea","viper, cypher, killjoy",364,1.10,225.6,1.16,148.3,69%,0.82,0.18,0.14,0.12,9810
Dark3st,EGA,all,global,"skye, kayo, breach",688,1.10,204.4,1.04,137.6,75%,0.71,0.46,0.07,0.08,6437
foreign,D1,all,global,"brimstone, omen, astra",893,1.10,198.0,1.05,126.6,72%,0.70,0.39,0.06,0.07,46360
Buld,UCAM,all,global,"fade, skye, vyse",445,1.10,212.5,1.10,142.2,75%,0.73,0.39,0.08,0.11,1155
sizo,FMG,all,global,"cypher, viper, veto",312,1.10,209.7,1.17,142.2,70%,0.76,0.20,0.08,0.09,42454
amy,G2G,all,global,"viper, veto, chamber",674,1.10,215.6,1.20,140.7,74%,0.79,0.19,0.11,0.09,24149
Kyu,M80,all,global,"sova, breach, fade",348,1.10,193.8,1.11,129.1,76%,0.69,0.35,0.08,0.05,30470
RgLMeister,RED,all,global,"harbor, omen, brimstone",234,1.10,185.6,1.07,122.4,75%,0.70,0.33,0.06,0.06,5351
xenom,2G,all,global,"viper, astra",212,1.10,201.8,1.18,132.8,77%,0.71,0.29,0.08,0.05,20240
Celasun,FF,all,global,"cypher, vyse, brimstone",357,1.10,205.0,1.15,136.5,72%,0.78,0.20,0.06,0.06,31855
DaGG3r,VR2,all,global,"killjoy, omen, astra",316,1.10,208.1,1.13,139.8,74%,0.75,0.26,0.09,0.08,29553
deminatiX,FF,all,global,"skye, phoenix, fade",462,1.10,229.8,1.07,152.2,72%,0.78,0.32,0.13,0.12,21584
iamgrq,AG,all,global,"omen, brimstone",293,1.10,191.6,1.05,132.9,77%,0.69,0.48,0.04,0.10,58959
mwzera,KRÜ,vct,"global,vct-americas","fade, sova",335,1.09,199.6,1.07,133.9,76%,0.69,0.31,0.06,0.03,939
Sato,LEV,all,"global,vct-americas","phoenix, waylay, omen",967,1.09,226.8,1.12,149.1,76%,0.79,0.33,0.12,0.09,21659
Verno,MIBR,all,"global,vct-americas","skye, fade, sage",340,1.09,191.3,1.01,129.8,74%,0.64,0.41,0.05,0.06,21668
keznit,ENVY,all,"global,vct-americas","neon, raze, cypher",285,1.09,231.1,1.14,151.3,68%,0.84,0.16,0.10,0.11,2462
BuZz,T1,vct,"global,vct-pacific","neon, jett",400,1.09,243.3,1.21,147.5,72%,0.87,0.22,0.18,0.15,804
Sylvan,TS,vct,"global,vct-pacific","astra, brimstone, omen",269,1.09,210.0,1.07,135.9,76%,0.76,0.38,0.06,0.06,4056
d4v41,PRX,all,"global,vct-pacific","viper, vyse, chamber",543,1.09,208.8,1.16,142.2,73%,0.75,0.22,0.10,0.07,9803
eKo,ZETA,all,"global,vct-pacific","skye, fade, kayo",209,1.09,193.8,1.01,131.4,74%,0.70,0.33,0.08,0.06,1960
Serial,FKS,all,global,"viper, cypher, astra",326,1.09,221.1,1.16,155.0,70%,0.78,0.24,0.10,0.10,18162
kon4n,TBK,all,global,"viper, tejo, sova",215,1.09,194.8,1.09,128.9,73%,0.70,0.26,0.07,0.04,1671
BiggieCheese,MZN,all,global,"omen, astra, brimstone",573,1.09,215.6,1.13,143.3,72%,0.77,0.35,0.11,0.09,31255
icy,EG,all,global,"vyse, killjoy, omen",468,1.09,197.9,1.11,133.3,74%,0.71,0.30,0.09,0.07,8402
v1c,ADG,all,global,"viper, omen, harbor",299,1.09,193.4,1.12,126.9,74%,0.70,0.39,0.08,0.07,17433
Shr1mp,AG,all,global,"skye, fade, sova",293,1.09,195.1,1.15,115.3,78%,0.70,0.36,0.07,0.02,25494
alexis,QOR,all,global,"kayo, killjoy, breach",523,1.09,203.8,1.10,130.3,77%,0.73,0.43,0.05,0.07,3079
f4ngeer,AG,all,global,"jett, waylay, chamber",201,1.09,234.7,1.32,138.5,69%,0.86,0.17,0.12,0.13,21216
13RD,HOME,all,global,"neon, phoenix",271,1.09,267.2,1.16,170.6,66%,0.93,0.21,0.24,0.23,55845
onob,OG,all,global,"deadlock, cypher, chamber",745,1.09,214.5,1.14,142.1,71%,0.77,0.23,0.12,0.10,43101
stallion,YFT,all,global,"omen, astra, brimstone",477,1.09,211.8,1.05,135.0,73%,0.74,0.44,0.09,0.09,21887
d3ffo,BME,all,global,"viper, chamber, phoenix",322,1.09,217.4,1.24,137.1,73%,0.78,0.19,0.12,0.07,252
Akita,G2G,all,global,"neon, raze, jett",674,1.09,236.1,1.21,149.8,70%,0.82,0.18,0.18,0.19,43744
Bearrett,EVX,all,global,"skye, fade, phoenix",235,1.09,222.9,1.06,146.0,71%,0.76,0.38,0.10,0.08,39124
Itachi,RYL,all,global,"chamber, neon, jett",212,1.09,240.5,1.16,163.1,75%,0.83,0.23,0.16,0.09,47944
ScrewFace,FSN,all,global,"killjoy, skye, sova",344,1.09,222.8,1.11,142.3,73%,0.79,0.29,0.13,0.07,3227
rico,,all,global,"chamber, vyse, sage",320,1.09,221.3,1.14,145.3,69%,0.80,0.12,0.17,0.09,51402
WanZeru,TLA,all,global,"neon, raze, jett",530,1.09,234.4,1.16,150.1,69%,0.82,0.18,0.20,0.15,39682
Smoggy,EDG,all,global,"phoenix, raze, harbor",506,1.09,219.5,1.08,144.8,76%,0.75,0.32,0.11,0.08,4742
SCRAM,CD,all,global,"raze, sova, fade",643,1.09,198.9,1.09,134.6,77%,0.70,0.38,0.07,0.05,45982
DaviH,CGN,all,global,"omen, fade, tejo",351,1.09,180.9,1.12,122.8,71%,0.65,0.26,0.03,0.05,10885
valyn,G2,vct,"global,vct-americas","harbor, brimstone, astra",608,1.08,198.9,1.11,126.6,74%,0.72,0.37,0.08,0.08,3885
bang,100T,vct,"global,vct-americas","omen, harbor, astra",440,1.08,188.5,1.07,117.6,75%,0.69,0.41,0.06,0.05,3880
hiro,NAVI,vct,"global,vct-emea","tejo, viper, fade",281,1.08,217.3,1.11,146.4,69%,0.76,0.22,0.06,0.09,29867
RieNs,TH,vct,"global,vct-emea","fade, sova, skye",682,1.08,209.9,1.10,138.3,76%,0.73,0.30,0.06,0.06,10971
audaz,EF,all,"global,vct-emea","omen, astra",398,1.08,197.3,1.03,128.1,77%,0.71,0.38,0.07,0.03,40843
LewN,KC,all,"global,vct-emea","neon, raze, jett",386,1.08,235.1,1.15,147.8,68%,0.83,0.16,0.19,0.12,20144
lovers rock,BBL,all,"global,vct-emea","neon, jett",364,1.08,217.6,1.12,139.6,69%,0.77,0.15,0.16,0.16,40935
HYUNMIN,KRX,vct,"global,vct-pacific","phoenix, waylay, raze",435,1.08,221.1,1.08,153.0,70%,0.80,0.18,0.10,0.12,28400
PatMen,GE,vct,"global,vct-pacific","gekko, viper, fade",441,1.08,228.0,1.08,147.8,71%,0.80,0.24,0.11,0.09,13744
Karon,GEN,all,"global,vct-pacific","phoenix, vyse, omen",425,1.08,198.3,1.09,124.2,77%,0.68,0.43,0.08,0.05,34974
wtex,FA,all,global,"waylay, phoenix, neon",479,1.08,236.6,1.15,156.3,69%,0.86,0.19,0.20,0.18,33527
Shondex,NRGA,all,global,"waylay, vyse, killjoy",526,1.08,213.2,1.14,141.2,73%,0.77,0.20,0.09,0.10,25902
enzo,DYNA,all,global,"astra, vyse, cypher",499,1.08,196.5,1.10,131.8,71%,0.70,0.25,0.08,0.04,49608
gMd,AXG,all,global,"omen, brimstone, harbor",561,1.08,208.3,1.06,133.8,72%,0.74,0.36,0.08,0.08,64
mali,FKS.S,all,global,"sova, fade, skye",582,1.08,205.4,1.06,135.9,73%,0.74,0.30,0.08,0.06,43884
Pr1ck,1TAP,all,global,"omen, neon, jett",322,1.08,213.6,1.16,139.5,72%,0.78,0.27,0.10,0.12,48695
Hasagiii,1TAP,all,global,"vyse, viper, harbor",322,1.08,212.6,1.13,140.5,73%,0.75,0.18,0.09,0.07,49758
Bard0lf,GLS,all,global,"phoenix, neon, jett",277,1.08,237.8,1.11,155.6,72%,0.85,0.22,0.13,0.12,12673
LizA,SKN,all,global,"sova, fade, tejo",771,1.08,197.2,1.11,133.3,73%,0.71,0.25,0.06,0.05,24071
kumi,QOR,all,global,"killjoy, chamber, neon",324,1.08,206.3,1.02,136.6,71%,0.72,0.23,0.10,0.10,25745
sanoj,F4T,all,global,"neon, waylay, killjoy",240,1.08,205.8,1.07,135.0,73%,0.70,0.29,0.08,0.12,47551
star,FKS.S,all,global,"omen, phoenix, waylay",582,1.08,219.9,1.07,144.5,72%,0.77,0.25,0.14,0.13,40524
puffy panda,ROSE,all,global,"sova, fade",232,1.08,216.2,1.01,143.3,70%,0.75,0.23,0.08,0.06,44405
Bob,SWIM,all,global,"raze, jett, chamber",790,1.08,214.1,1.13,141.6,74%,0.77,0.22,0.08,0.11,873
Nakya,BME,all,global,"neon, raze, jett",322,1.08,251.8,1.17,158.8,73%,0.85,0.21,0.19,0.16,16852
hezacoil,Giga,all,global,"vyse, astra, harbor",535,1.08,173.2,1.10,116.7,79%,0.66,0.39,0.05,0.05,55694
HoangBao,,all,global,"brimstone, omen, neon",745,1.08,223.7,1.10,145.4,74%,0.77,0.32,0.14,0.07,44960
ryoz,ELVA,all,global,"jett, sova, fade",237,1.08,223.8,1.08,154.3,73%,0.77,0.26,0.07,0.09,54273
Nexi,NAOS,all,global,"viper, chamber, cypher",481,1.08,206.2,1.14,140.2,74%,0.73,0.19,0.12,0.07,7749
sw,RED,all,global,"viper, cypher, vyse",234,1.08,219.9,1.11,142.9,70%,0.76,0.30,0.12,0.10,25858
lukxo,LOUD,vct,"global,vct-americas","viper, chamber, harbor",311,1.07,214.3,1.07,141.7,67%,0.77,0.27,0.14,0.12,28716
Rossy,ENVY,vct,"global,vct-americas","viper, tejo, astra",231,1.07,204.4,1.01,135.5,72%,0.72,0.32,0.04,0.07,1129
artzin,FUR,vct,"global,vct-americas","killjoy, vyse, cypher",360,1.07,210.5,1.10,142.5,71%,0.76,0.23,0.07,0.08,5957
BABYBAY,G2,vct,"global,vct-americas","vyse, chamber",608,1.07,212.4,1.08,139.1,76%,0.74,0.28,0.10,0.07,2170
Cryocells,100T,vct,"global,vct-americas","cypher, viper, chamber",440,1.07,203.2,1.16,132.5,71%,0.75,0.23,0.09,0.08,4147
Favian,EF,vct,"global,vct-emea","breach, phoenix, raze",503,1.07,216.3,1.07,146.9,70%,0.77,0.26,0.10,0.10,41720
kamo,TL,all,"global,vct-emea","phoenix, raze, jett",316,1.07,225.3,1.08,152.4,70%,0.78,0.22,0.16,0.11,14681
Derke,VIT,all,"global,vct-emea","neon, jett, raze",632,1.07,227.3,1.13,146.3,70%,0.79,0.21,0.16,0.14,5022
echo,EF,all,"global,vct-emea","viper, cypher, vyse",398,1.07,217.2,1.08,141.9,71%,0.76,0.26,0.13,0.10,49346
N4RRATE,KC,all,"global,vct-emea","fade, gekko, sova",386,1.07,210.1,1.06,145.8,72%,0.72,0.32,0.12,0.09,36245
sorex,FLY,all,global,"viper, vyse, astra",497,1.07,187.5,1.11,129.5,76%,0.70,0.24,0.05,0.04,47982
zander,SRB,all,global,"omen, astra, brimstone",482,1.07,203.4,1.04,135.0,76%,0.70,0.49,0.07,0.07,8082
adora,GX.GC,gc,"gc,global","neon, raze, jett",670,1.07,241.3,1.13,151.5,72%,0.84,0.22,0.20,0.17,37990
Dragon,BONK,all,global,"miks, sova, neon",502,1.07,197.9,1.09,133.2,74%,0.71,0.28,0.08,0.08,6659
happywei,XLG,all,global,"cypher, chamber, viper",590,1.07,221.1,1.08,149.9,71%,0.77,0.24,0.13,0.09,37927
Nail,BAM,all,global,"viper, cypher, vyse",436,1.07,200.6,1.11,136.2,75%,0.72,0.19,0.06,0.05,31116
Shiro,BME,all,global,"raze, viper, brimstone",322,1.07,200.2,1.10,133.5,75%,0.71,0.32,0.09,0.08,10739
gbz,EGO,all,global,"phoenix, viper, omen",326,1.07,225.5,1.03,144.0,73%,0.78,0.31,0.12,0.09,15395
azys,XIP,all,global,"kayo, viper, raze",388,1.07,232.8,1.06,150.8,73%,0.80,0.31,0.09,0.13,13221
edith,FLY,all,global,"neon, waylay, jett",507,1.07,226.0,1.12,145.2,75%,0.82,0.18,0.16,0.15,30395
evv,FLY,all,global,"fade, sova, kayo",507,1.07,214.9,1.05,143.4,73%,0.74,0.32,0.09,0.07,33694
alvinboy,M80,all,global,"viper, cypher, vyse",348,1.07,199.2,1.12,130.6,75%,0.74,0.23,0.09,0.07,17770
Zamal,VLYN,all,global,"neon, jett",316,1.07,234.9,1.03,153.4,74%,0.80,0.22,0.19,0.10,30467
Swifty,MZN,all,global,"veto, vyse, cypher",340,1.07,197.8,1.17,133.2,74%,0.74,0.18,0.08,0.07,33047
Bizerra,TLV,all,global,"tejo, sova, raze",302,1.07,208.5,1.11,141.0,71%,0.76,0.22,0.08,0.06,12143
Wens,M8GC,all,global,"cypher, vyse, viper",665,1.07,197.5,1.15,130.3,70%,0.71,0.20,0.08,0.08,29442
Kimbo,9ZG,all,global,"viper, kayo, omen",249,1.07,202.6,1.07,131.4,71%,0.70,0.38,0.08,0.06,36168
Recoil,EGA,all,global,"breach, sova, fade",565,1.07,213.1,1.05,144.2,74%,0.73,0.31,0.05,0.04,39602
quacker,ARC,all,global,"neon, phoenix, waylay",342,1.07,241.9,1.10,155.7,73%,0.83,0.21,0.16,0.12,58163
kibojn,AST,all,global,"breach, fade, sova",204,1.07,188.0,1.09,129.3,75%,0.66,0.29,0.03,0.02,19231
Yigox,FA,all,global,"cypher, chamber, viper",230,1.07,206.3,1.17,135.2,70%,0.74,0.21,0.10,0.08,31307
tesseract,OAS,all,global,"skye, fade, sova",457,1.07,206.4,1.11,138.8,77%,0.73,0.33,0.09,0.09,10203
forbanz,RED,all,global,"jett, neon, waylay",234,1.07,231.9,1.08,154.4,73%,0.81,0.24,0.18,0.16,22964
doffy,IM,all,global,"neon, phoenix, jett",482,1.07,226.0,1.18,143.4,71%,0.82,0.15,0.14,0.13,48516
stunna,NBG,all,global,"jett, neon, raze",903,1.07,222.0,1.07,146.9,73%,0.76,0.30,0.11,0.11,20957
haby,WOP,all,global,"viper, omen, astra",206,1.07,198.1,1.03,132.8,76%,0.71,0.39,0.12,0.06,54222
RESLYDE,MZN,all,global,"phoenix, raze, neon",573,1.07,210.2,1.09,138.6,74%,0.76,0.25,0.10,0.09,39659
whitecat,OAS,all,global,"neon, jett",457,1.07,232.8,1.17,146.2,73%,0.83,0.20,0.15,0.14,57171
blowz,LEV,vct,"global,vct-americas","sova, fade, skye",543,1.06,181.0,1.09,125.1,78%,0.62,0.36,0.05,0.03,21251
Reduxx,SEN,vct,vct-americas,"omen, iso, raze",274,1.06,218.3,1.06,139.6,71%,0.78,0.24,0.09,0.07,8419
Flickless,GX,vct,vct-emea,"cypher, fade, viper",278,1.06,194.7,1.02,134.5,71%,0.67,0.33,0.08,0.08,6959
Wo0t,TH,vct,"global,vct-emea","raze, phoenix, chamber",682,1.06,224.3,1.11,146.0,74%,0.79,0.20,0.17,0.12,21328
yetujey,FUT,vct,"global,vct-emea","cypher, viper, killjoy",497,1.06,182.8,1.06,125.0,72%,0.67,0.21,0.06,0.06,8369
Minny,M8,vct,"global,vct-emea","viper, cypher, breach",351,1.06,189.2,1.03,129.0,71%,0.68,0.28,0.07,0.08,23169
Veqaj,FNC,vct,vct-emea,"viper, kayo",161,1.06,213.7,1.08,138.4,75%,0.70,0.32,0.12,0.06,12928
Chronicle,VIT,all,"global,vct-emea","vyse, killjoy, viper",632,1.06,209.7,1.17,141.4,73%,0.74,0.23,0.10,0.12,458
Killua,FS,vct,"global,vct-pacific","fade, skye, sova",442,1.06,200.1,1.07,129.5,77%,0.71,0.38,0.06,0.07,13784
FETA,MZN,all,global,"waylay, neon, raze",573,1.06,227.8,1.13,149.5,71%,0.80,0.21,0.18,0.14,31254
soufy,MYM,all,global,"omen, astra",242,1.06,222.6,1.09,139.0,73%,0.80,0.36,0.09,0.05,60907
Erv,TYL,all,global,"phoenix, skye, waylay",259,1.06,210.2,0.98,147.4,70%,0.72,0.30,0.14,0.11,55085
SaintClaws,,all,global,"vyse, viper, chamber",313,1.06,198.5,1.11,133.8,73%,0.73,0.19,0.09,0.07,63122
infiltrator,QOR,all,global,"raze, jett, chamber",375,1.06,238.7,1.17,153.2,68%,0.85,0.13,0.19,0.14,9063
luky,RBT,all,global,"neon, jett",332,1.06,247.5,1.08,157.4,71%,0.85,0.23,0.25,0.20,33840
pryze,EGO,all,global,"fade, sova",257,1.06,192.7,1.07,128.6,73%,0.66,0.30,0.04,0.03,662
WATER,Ramb,all,global,phoenix,296,1.06,220.8,1.01,148.4,71%,0.75,0.34,0.14,0.11,31597
Wildfire,AXG,all,global,"omen, viper, breach",581,1.06,201.9,1.06,132.6,73%,0.71,0.28,0.11,0.11,6642
Active,,all,global,"neon, jett, phoenix",721,1.06,227.3,1.12,149.3,71%,0.80,0.22,0.17,0.15,47209
Joliinaa,SKN,all,global,"neon, chamber, jett",771,1.06,211.6,1.11,134.0,71%,0.76,0.17,0.16,0.10,26632
samed,CGN,all,global,"neon, raze, jett",351,1.06,242.0,1.11,153.4,72%,0.85,0.17,0.22,0.17,35513
wozy,Want,all,global,"iso, phoenix, reyna",339,1.06,221.7,1.04,151.7,69%,0.78,0.27,0.13,0.08,47866
OXY,C9,vct,"global,vct-americas","neon, raze",253,1.05,237.6,1.04,149.4,70%,0.83,0.19,0.16,0.21,18796
leaf,G2,all,"global,vct-americas","phoenix, astra, viper",594,1.05,210.5,1.04,139.9,72%,0.73,0.33,0.10,0.13,7873
purp0,TL,vct,"global,vct-emea","fade, sova, skye",362,1.05,180.1,1.11,120.3,76%,0.67,0.23,0.06,0.05,1885
ara,GX,vct,vct-emea,"neon, waylay",278,1.05,212.0,1.12,132.4,71%,0.77,0.17,0.17,0.15,11332
Boo,TH,vct,"global,vct-emea","brimstone, astra, omen",682,1.05,173.1,0.99,111.1,75%,0.60,0.45,0.06,0.06,1144
crashies,FNC,vct,"global,vct-emea","sova, fade, skye",364,1.05,172.3,1.09,114.1,72%,0.63,0.32,0.05,0.05,4
benjyfishy,TH,all,"global,vct-emea","cypher, vyse, viper",616,1.05,191.2,1.08,126.4,74%,0.70,0.25,0.06,0.07,29873
MiniBoo,TL,all,"global,vct-emea","neon, raze, chamber",316,1.05,213.1,1.08,134.3,68%,0.77,0.13,0.16,0.13,18350
Spaz,M80,all,global,"harbor, brimstone, viper",348,1.05,182.9,1.02,117.2,76%,0.62,0.43,0.09,0.06,8422
doozy,DP,all,global,"waylay, neon, phoenix",209,1.05,236.2,1.04,153.3,64%,0.83,0.16,0.19,0.12,41552
DeadInk,S2G,all,global,"chamber, waylay, neon",535,1.05,200.4,1.14,130.2,73%,0.76,0.16,0.11,0.08,5564
Neptunee,GLS,all,global,"viper, vyse, killjoy",277,1.05,203.8,1.07,139.2,71%,0.73,0.24,0.09,0.10,54973
alca,MOX,all,global,"fade, viper, sova",278,1.05,196.4,1.07,130.2,71%,0.69,0.28,0.06,0.08,2909
Nami,M8GC,all,global,"omen, astra, brimstone",665,1.05,203.4,1.09,133.5,73%,0.74,0.34,0.08,0.09,30186
sacred,ADG,all,global,"cypher, viper, vyse",387,1.05,195.3,1.05,129.1,72%,0.68,0.30,0.08,0.06,15051
tokameite,M8GC,all,global,"sova, fade, tejo",665,1.05,183.1,1.08,124.5,76%,0.65,0.29,0.05,0.05,24058
shinnok,FKS,all,global,"sova, neon, phoenix",326,1.05,204.0,1.08,134.7,74%,0.71,0.25,0.07,0.07,33358
snw,TBK,all,global,"raze, brimstone, waylay",215,1.05,211.5,1.03,142.2,68%,0.73,0.28,0.18,0.19,8892
exa,SRB,all,global,"viper, cypher, killjoy",482,1.05,214.3,1.13,142.4,72%,0.77,0.26,0.09,0.10,30556
twilight,,all,global,"fade, astra, cypher",396,1.05,195.5,1.06,133.0,76%,0.69,0.34,0.07,0.08,46463
KEN,CGZ,all,global,"sage, viper, cypher",203,1.05,203.5,1.04,138.6,69%,0.69,0.30,0.09,0.08,45962
vsoul,,all,global,"raze, waylay, neon",213,1.05,225.9,0.98,152.7,68%,0.77,0.23,0.09,0.15,55592
Trinity,AST,all,global,"raze, waylay, jett",204,1.05,241.6,1.11,160.5,71%,0.85,0.17,0.22,0.15,31371
yutaro,,all,global,"killjoy, deadlock, chamber",203,1.05,211.2,1.13,136.3,69%,0.76,0.12,0.11,0.12,52723
PKX,EGO,all,global,"vyse, cypher, chamber",257,1.05,164.5,1.08,112.5,73%,0.63,0.23,0.06,0.05,22912
MAGNUM,EP,all,global,"vyse, viper, chamber",402,1.05,217.1,1.09,145.6,73%,0.74,0.24,0.11,0.10,2173
Slaughter,FA,all,global,"omen, astra, brimstone",479,1.05,183.7,1.02,118.3,75%,0.66,0.45,0.07,0.04,33551
GabbyDiz,HOME,all,global,"omen, astra, brimstone",271,1.05,200.8,0.98,133.2,75%,0.69,0.38,0.06,0.05,10190
Hotsauz,XIP,all,global,"astra, omen, brimstone",388,1.05,181.8,0.97,125.5,73%,0.66,0.42,0.04,0.07,11578
dth,ELV,all,global,"omen, astra, brimstone",224,1.05,177.5,0.95,116.3,69%,0.63,0.39,0.04,0.10,41482
Tiezzi,ELV,all,global,"neon, raze",224,1.05,211.5,1.15,133.6,73%,0.83,0.17,0.13,0.12,37098
Jamppi,VIT,vct,"global,vct-emea","kayo, sova, fade",534,1.04,199.3,1.04,125.4,75%,0.69,0.40,0.08,0.08,9780
CyvOph,FNC,all,"global,vct-emea","phoenix, kayo, viper",363,1.04,209.6,1.03,140.0,71%,0.71,0.35,0.09,0.07,13258
Filu,NAVI,all,"global,vct-emea","brimstone, omen, phoenix",336,1.04,213.6,1.02,144.1,72%,0.74,0.28,0.09,0.11,4544
f0rsakeN,PRX,vct,"global,vct-pacific","brimstone, omen, neon",564,1.04,210.4,1.07,137.1,76%,0.75,0.39,0.10,0.09,9801
Xross,NS,vct,"global,vct-pacific","tejo, fade, sova",375,1.04,198.6,1.02,133.7,72%,0.69,0.29,0.04,0.05,42772
Autumn,GE,vct,"global,vct-pacific","brimstone, veto, omen",441,1.04,204.1,1.05,132.9,72%,0.73,0.21,0.12,0.12,872
Sevire,MDR,all,global,"chamber, omen, viper",277,1.04,212.1,1.10,138.6,69%,0.74,0.25,0.10,0.09,11322
heartless,BLUE,all,global,"skye, sova, tejo",671,1.04,212.3,1.05,140.5,72%,0.72,0.27,0.07,0.07,37704
devilasxa,BAR.GC,gc,"gc,global","viper, killjoy, cypher",577,1.04,205.1,1.06,139.4,67%,0.73,0.18,0.07,0.08,20058
fluxxy,SKN,all,global,"omen, astra, brimstone",771,1.04,203.0,1.04,130.5,72%,0.72,0.42,0.08,0.11,30107
berryx,M8GC,all,global,"neon, raze, jett",665,1.04,215.0,1.12,138.4,70%,0.78,0.18,0.17,0.16,47911
140,TRN,all,global,"omen, astra, brimstone",391,1.04,184.4,0.97,122.7,74%,0.65,0.39,0.07,0.05,50788
jakee,EGA,all,global,"brimstone, omen, astra",672,1.04,203.1,1.03,131.5,73%,0.72,0.36,0.06,0.06,8742
MiradaNinja,9ZG,all,global,"omen, veto, chamber",270,1.04,195.4,1.08,127.3,69%,0.70,0.24,0.13,0.10,29241
renz,NRGA,all,global,"neon, raze, jett",526,1.04,214.0,1.06,139.6,71%,0.74,0.26,0.11,0.13,2119
Yuki,Mona,all,global,"clove, phoenix, fade",337,1.04,204.6,1.03,132.9,71%,0.71,0.34,0.05,0.08,40444
lux9,MSA,all,global,"neon, raze, jett",367,1.04,226.8,1.06,151.9,70%,0.78,0.25,0.19,0.16,14612
JoXJo,RID,all,global,"skye, kayo, fade",228,1.04,189.3,0.93,131.1,77%,0.62,0.51,0.07,0.07,4663
rod,TOT,all,global,"tejo, fade, kayo",245,1.04,201.7,1.03,133.3,71%,0.69,0.34,0.04,0.04,47647
Burzzy,MISA,all,global,"omen, viper, brimstone",212,1.04,213.0,0.98,135.7,71%,0.71,0.42,0.12,0.06,4589
H1ber,WIP,all,global,"cypher, chamber, vyse",677,1.04,204.7,1.03,138.3,69%,0.72,0.23,0.11,0.09,1524
hoody,WIP,all,global,"skye, fade, sova",677,1.04,202.9,1.01,135.0,70%,0.70,0.27,0.10,0.06,2690
SpYzera,TU,all,global,"omen, kayo, phoenix",416,1.04,195.5,1.01,126.5,75%,0.69,0.43,0.11,0.10,1618
IKANA,EVO,all,global,"viper, omen, vyse",349,1.04,204.5,1.05,132.8,70%,0.74,0.24,0.07,0.07,26310
r1seN,AST,all,global,"omen, tejo, phoenix",204,1.04,192.3,1.01,134.1,71%,0.67,0.34,0.07,0.05,30575
Brilliance,LC,all,global,"omen, astra",248,1.04,196.6,0.93,126.1,71%,0.70,0.41,0.04,0.08,51414
dgzin,EG,vct,"global,vct-americas","neon, chamber",259,1.03,223.8,1.08,143.6,68%,0.83,0.11,0.18,0.20,8873
kiNgg,LEV,all,"global,vct-americas","viper, breach, harbor",967,1.03,178.2,1.11,114.7,77%,0.64,0.33,0.07,0.05,8549
johnqt,SEN,all,"global,vct-americas","viper, harbor, sage",492,1.03,175.4,1.01,112.9,75%,0.61,0.40,0.03,0.04,1265
PROFEK,VIT,all,"global,vct-emea","omen, harbor, astra",632,1.03,181.9,1.02,121.9,72%,0.65,0.40,0.09,0.05,5554
SUYGETSU,KC,all,"global,vct-emea","cypher, viper, astra",386,1.03,192.2,1.07,131.0,71%,0.70,0.19,0.09,0.06,2858
Absol,ZETA,vct,"global,vct-pacific",neon,269,1.03,228.6,1.06,147.4,66%,0.80,0.21,0.12,0.17,34776
dre,ROSE,all,global,"astra, omen, miks",875,1.03,191.4,1.04,127.0,74%,0.68,0.32,0.07,0.07,44417
FADE IS HOT,Xora,all,global,"neon, waylay, fade",222,1.03,227.3,1.01,149.8,72%,0.77,0.29,0.11,0.09,47396
Brinks,2G.AC,all,global,"omen, killjoy",212,1.03,186.7,1.12,125.5,74%,0.68,0.28,0.11,0.08,27149
foe,CSM,all,global,"neon, waylay, phoenix",217,1.03,218.2,1.10,141.5,68%,0.78,0.16,0.15,0.10,59062
B1SK,LAG,all,global,"neon, chamber, raze",445,1.03,218.0,1.12,140.2,70%,0.78,0.18,0.21,0.18,251
Famsii,UCAM,all,global,"phoenix, neon, fade",445,1.03,200.5,1.06,128.5,73%,0.74,0.27,0.07,0.09,16209
doma,JL,all,global,"skye, raze, omen",532,1.03,211.5,1.08,134.8,74%,0.75,0.25,0.09,0.11,1369
runneR,JL,all,global,"jett, neon, raze",532,1.03,220.8,1.05,142.2,73%,0.77,0.20,0.16,0.17,21610
qu1ckz,FMG,all,global,"fade, sova",427,1.03,190.2,1.00,132.4,72%,0.66,0.30,0.06,0.05,50186
Gdzin,VCD,all,global,"jett, neon, raze",206,1.03,218.6,1.00,146.9,73%,0.73,0.26,0.15,0.16,38283
Banger,AGL,all,global,"kayo, chamber, raze",222,1.03,208.6,1.01,140.1,65%,0.77,0.15,0.13,0.14,27444
ZeyNo,TDB,all,global,"phoenix, omen, brimstone",288,1.03,218.9,1.02,142.9,70%,0.75,0.37,0.12,0.10,52536
Minty,RID,all,global,"astra, harbor, omen",228,1.03,182.5,0.99,121.0,72%,0.66,0.44,0.07,0.07,5476
rexxtoned,TLA,all,global,"viper, cypher",530,1.03,179.8,1.05,128.3,73%,0.65,0.21,0.09,0.09,19526
mikee,FMG,all,global,"omen, astra, brimstone",535,1.03,195.0,1.00,132.5,71%,0.68,0.27,0.06,0.07,1284
tek,Revi,all,global,"neon, raze, jett",327,1.03,225.6,0.98,152.7,64%,0.78,0.20,0.20,0.16,58277
k0rupt,SWIM,all,global,"viper, astra, skye",560,1.03,191.6,1.01,125.9,75%,0.66,0.39,0.05,0.04,28870
VantiK,PRS,all,global,"omen, astra, vyse",337,1.03,202.7,0.97,125.1,72%,0.67,0.46,0.09,0.09,39118
mammal,ACU,all,global,"fade, sova, skye",265,1.03,210.5,1.05,138.5,76%,0.76,0.28,0.09,0.08,28843
Stwz1,FUR.AC,all,global,"fade, sova, breach",209,1.03,195.8,1.05,131.7,77%,0.69,0.27,0.06,0.05,33121
sarahcat,SRG,all,global,"sova, tejo, sage",523,1.03,201.3,1.02,135.8,73%,0.70,0.30,0.09,0.08,21486
zenox,JOB,all,global,"raze, jett, clove",256,1.03,225.5,1.00,156.6,72%,0.81,0.23,0.17,0.15,31632
karam1l,AST,all,global,"chamber, cypher, viper",204,1.03,227.6,1.09,141.4,72%,0.79,0.18,0.21,0.15,30286
M1key,9ZG,all,global,"neon, omen, astra",270,1.03,216.0,1.07,138.5,72%,0.76,0.25,0.12,0.09,29244
marceline,GHST,all,global,"neon, jett, raze",367,1.03,235.4,1.08,146.9,68%,0.84,0.17,0.20,0.19,14403
NaturE,SRB,all,global,"skye, sova, fade",482,1.03,191.3,1.03,126.9,74%,0.68,0.37,0.07,0.08,4927
eli,GHST,all,global,"breach, vyse, phoenix",367,1.03,208.3,1.01,139.3,71%,0.75,0.26,0.08,0.10,47387
tonza,FLY,all,global,"neon, chamber, jett",653,1.03,223.9,1.12,141.7,70%,0.79,0.14,0.20,0.16,57188
Smoke,SRB,all,global,"waylay, jett, cypher",482,1.03,197.2,1.07,126.7,70%,0.70,0.20,0.16,0.11,24228
PMC,RYL,all,global,"jett, skye, chamber",212,1.03,223.8,1.09,152.9,69%,0.77,0.17,0.15,0.14,2650
Notexxd,C9,vct,"global,vct-americas",omen,41,1.02,196.0,1.00,122.7,80%,0.71,0.39,0.05,0.05,39021
zekken,MIBR,vct,"global,vct-americas","neon, phoenix, sova",323,1.02,227.5,1.05,139.0,68%,0.79,0.20,0.17,0.15,4004
s0pp,FUT,vct,"global,vct-emea",neon,497,1.02,227.8,1.04,147.4,73%,0.80,0.24,0.23,0.16,39357
dos9,KC,all,"global,vct-emea","omen, brimstone, astra",386,1.02,180.6,1.00,117.7,69%,0.65,0.35,0.06,0.10,16215
stax,T1,vct,"global,vct-pacific","skye, fade, sova",400,1.02,185.8,1.04,121.4,75%,0.66,0.34,0.07,0.04,485
Kr1stal,GE,all,"global,vct-pacific","fade, sova, deadlock",662,1.02,195.4,1.02,130.4,70%,0.68,0.21,0.06,0.05,5796
parscofield,AE,all,global,"vyse, cypher, omen",393,1.02,209.9,1.01,140.4,70%,0.74,0.24,0.08,0.10,24737
Flicker,CGZ,all,global,"waylay, jett, sage",203,1.02,221.5,1.03,144.0,67%,0.75,0.25,0.12,0.14,51100
devy,YFT,all,global,"fade, chamber, sova",335,1.02,183.5,0.95,124.0,70%,0.63,0.32,0.04,0.05,28114
Slammed,AXG,all,global,"omen, kayo, deadlock",681,1.02,203.0,1.04,128.7,73%,0.72,0.36,0.13,0.10,26569
zoriental,Mona,all,global,"raze, jett, phoenix",313,1.02,221.7,1.08,142.9,71%,0.81,0.21,0.16,0.14,50817
ruso,F4,all,global,neon,278,1.02,260.6,1.15,156.2,70%,0.90,0.22,0.22,0.19,43935
Zyppan,CGN,all,global,"sova, skye, breach",351,1.02,194.7,1.01,132.9,73%,0.70,0.28,0.11,0.09,11
LOATHE,Seal,all,global,"omen, waylay, viper",234,1.02,206.7,1.05,132.3,74%,0.74,0.25,0.12,0.11,53591
natz,BME,all,global,"omen, cypher, sage",322,1.02,212.6,1.11,133.5,73%,0.75,0.34,0.09,0.06,7049
Luca,RID,all,global,"killjoy, sova, viper",228,1.02,195.5,1.01,129.9,70%,0.67,0.27,0.07,0.09,37393
Kaoticc,ADG,all,global,"raze, jett, waylay",365,1.02,237.1,1.08,150.8,69%,0.82,0.12,0.19,0.15,4917
zeek,FMG,all,global,"fade, sova, skye",535,1.02,211.4,1.03,139.8,72%,0.72,0.26,0.12,0.11,562
yearn,AXG,all,global,"viper, cypher, killjoy",561,1.02,187.8,1.07,126.7,69%,0.68,0.17,0.06,0.05,45358
avey,MAN,all,global,"omen, astra",523,1.02,193.2,1.00,123.7,72%,0.68,0.33,0.07,0.09,42651
Wolfen,CGN,all,global,"jett, cypher, viper",351,1.02,215.0,1.07,140.9,69%,0.78,0.20,0.11,0.09,9558
solada,FLY,all,global,"waylay, clove, phoenix",653,1.02,232.6,1.07,149.5,72%,0.83,0.24,0.13,0.13,45699
Weegle,FSN,all,global,"sova, viper, omen",371,1.02,211.5,1.01,141.1,70%,0.74,0.29,0.08,0.09,54082
jademwah,GX.GC,gc,"gc,global","sova, skye, breach",670,1.02,180.1,0.98,120.4,77%,0.61,0.36,0.06,0.06,20116
VIPEX,KPI,all,global,"jett, neon, phoenix",204,1.02,229.7,1.03,149.0,73%,0.77,0.26,0.18,0.17,60541
Scottie,EVX,all,global,"viper, killjoy, brimstone",275,1.02,185.3,1.01,122.9,73%,0.64,0.35,0.07,0.11,31910
Timotino,100T,vct,"global,vct-americas","phoenix, jett, raze",440,1.01,224.9,1.02,145.3,68%,0.77,0.25,0.19,0.18,29893
zerona,EG,all,"global,vct-americas","phoenix, vyse, viper",493,1.01,207.2,0.98,141.5,69%,0.71,0.29,0.09,0.11,14048
sociablEE,FUT,vct,"global,vct-emea","astra, omen, brimstone",497,1.01,190.9,0.94,124.0,71%,0.65,0.46,0.07,0.09,5568
koshmaras,TH,vct,"global,vct-emea","neon, chamber",616,1.01,225.1,1.04,138.5,73%,0.76,0.26,0.18,0.16,23365
Crewen,BBL,all,"global,vct-emea","vyse, cypher, viper",364,1.01,197.2,0.97,127.1,66%,0.68,0.20,0.06,0.09,12795
JitBoyS,FS,vct,"global,vct-pacific","neon, cypher, raze",442,1.01,211.0,1.07,136.8,71%,0.75,0.20,0.12,0.13,13788
Dambi,NS,all,"global,vct-pacific","phoenix, raze, neon",425,1.01,225.6,1.03,146.3,70%,0.80,0.24,0.17,0.16,31827
crazyguy,RRQ,all,"global,vct-pacific","kayo, omen, brimstone",451,1.01,187.8,0.93,123.5,71%,0.61,0.46,0.08,0.11,1430
Monyet,RRQ,all,"global,vct-pacific","neon, harbor, omen",451,1.01,202.4,0.99,130.8,73%,0.70,0.38,0.10,0.10,8497
ZynX,GEN,all,"global,vct-pacific","phoenix, vyse, viper",350,1.01,185.9,1.05,125.7,71%,0.65,0.24,0.11,0.07,51099
Envy2K,LSE,all,global,"waylay, jett",286,1.01,224.4,1.10,140.0,70%,0.84,0.23,0.18,0.19,46104
yellowflash,,all,global,neon,242,1.01,231.1,1.09,155.6,68%,0.83,0.17,0.19,0.17,60901
Shaimon,RBT,all,global,"chamber, killjoy, vyse",332,1.01,188.1,0.96,127.8,69%,0.66,0.21,0.09,0.06,47259
Esuh,ZO,all,global,"omen, chamber",351,1.01,176.6,0.97,114.3,74%,0.65,0.36,0.06,0.03,14327
welyy,SAD,all,global,"fade, sova, skye",213,1.01,180.2,0.93,115.4,80%,0.59,0.52,0.06,0.09,16671
Bruxo,FUR.AC,all,global,"viper, phoenix, fade",209,1.01,212.9,1.09,137.2,74%,0.74,0.24,0.11,0.09,45864
snowing,KUMA,all,global,"viper, fade, kayo",565,1.01,203.7,0.96,136.6,72%,0.72,0.24,0.07,0.07,23410
dapr,D1,all,global,"sova, fade, viper",272,1.01,185.9,0.98,122.6,72%,0.64,0.35,0.03,0.07,454
Raz,MIR,all,global,"neon, raze, jett",292,1.01,219.2,1.07,147.3,68%,0.78,0.15,0.15,0.15,47523
Natasha,TBS.GC,gc,"gc,global","vyse, viper, cypher",226,1.01,186.7,0.95,132.5,72%,0.68,0.28,0.04,0.06,27724
QutionerX,MISA,all,global,"phoenix, neon, waylay",212,1.01,218.2,1.03,144.4,68%,0.75,0.22,0.12,0.14,10161
wilted,Clue,all,global,"omen, harbor",234,1.01,184.1,1.01,119.9,71%,0.67,0.32,0.04,0.05,44729
Klaus,OXEN,all,global,"sova, fade, kayo",217,1.01,199.6,0.92,130.3,72%,0.69,0.34,0.06,0.05,2610
Tayo,Clue,all,global,"neon, raze, jett",516,1.01,238.0,1.04,154.8,70%,0.82,0.21,0.21,0.18,48919
Tokky,ELVA,all,global,"vyse, viper, cypher",237,1.01,184.8,0.98,126.4,62%,0.67,0.22,0.10,0.10,53132
moose,QOR,all,global,"cypher, deadlock, killjoy",283,1.01,199.1,1.03,131.7,72%,0.69,0.27,0.10,0.09,7458
nAyte,MSA,all,global,"fade, breach, sova",367,1.01,182.9,0.98,120.9,73%,0.64,0.33,0.04,0.05,27061
Ethan,NRG,vct,"global,vct-americas","tejo, skye, fade",489,1.00,188.0,0.93,123.4,74%,0.63,0.39,0.08,0.07,11225
spike,LEV,all,"global,vct-americas","neon, deadlock, omen",967,1.00,230.9,1.08,144.8,72%,0.81,0.27,0.18,0.16,21661
GLYPH,M8,vct,"global,vct-emea","astra, omen, brimstone",351,1.00,184.3,0.92,117.0,76%,0.64,0.44,0.06,0.05,8286
al0rante,PCF,all,"global,vct-emea","viper, veto, vyse",244,1.00,203.7,1.08,138.1,68%,0.77,0.14,0.09,0.06,5292
seven,PCF,all,"global,vct-emea","raze, skye, deadlock",244,1.00,210.5,1.03,142.0,73%,0.74,0.20,0.15,0.17,8376
XuNa,VL,vct,vct-pacific,"sova, fade, skye",275,1.00,189.6,0.96,130.7,69%,0.67,0.24,0.07,0.03,42733
Ash,GEN,vct,"global,vct-pacific","omen, brimstone, astra",244,1.00,196.0,0.94,131.9,69%,0.68,0.30,0.13,0.14,25017
ZmjjKK,EDG,all,global,"raze, jett, neon",506,1.00,226.1,1.07,144.9,70%,0.79,0.17,0.20,0.16,3520
299,EVX,all,global,"jett, raze, waylay",365,1.00,218.5,1.08,146.3,69%,0.79,0.15,0.13,0.11,28879
benjii,SAD,all,global,"omen, astra, brimstone",417,1.00,167.4,0.96,106.8,76%,0.58,0.42,0.05,0.07,8758
baza,,all,global,"jett, chamber",265,1.00,211.6,0.98,145.0,70%,0.73,0.18,0.15,0.13,63553
Syratch,ERAH,all,global,"kayo, neon, skye",319,1.00,198.2,0.96,134.7,72%,0.70,0.40,0.08,0.12,4615
skyppervz,9ZG,all,global,"skye, fade, sova",270,1.00,193.1,0.95,129.3,78%,0.63,0.37,0.07,0.06,29240
WerlasS,GS,all,global,"vyse, viper, breach",216,1.00,200.9,1.00,133.7,74%,0.70,0.28,0.04,0.02,13545
soren,MSA,all,global,"phoenix, cypher, viper",367,1.00,209.8,1.03,140.3,66%,0.75,0.18,0.10,0.08,7173
Tuli,9ZG,all,global,"raze, neon, jett",270,1.00,215.1,1.05,145.5,71%,0.74,0.19,0.14,0.16,7652
BlueOwl,MEOW,all,global,"brimstone, omen, astra",257,1.00,178.8,0.92,120.9,67%,0.63,0.32,0.04,0.04,37853
SpiritZ1,DRG,all,global,"waylay, jett",338,1.00,227.8,1.03,145.9,67%,0.79,0.21,0.16,0.13,31753
aztex,,all,global,"astra, omen, brimstone",240,1.00,168.1,1.01,107.3,76%,0.60,0.40,0.09,0.08,42879
eva,G2G,all,global,"skye, fade, sova",674,1.00,186.7,1.03,123.0,76%,0.64,0.27,0.07,0.05,19371
Klamran,DGTL,all,global,"brimstone, omen, phoenix",232,1.00,201.8,0.91,136.6,74%,0.69,0.36,0.06,0.06,16028
Coco,TEC,all,global,"viper, vyse, killjoy",265,1.00,203.6,0.97,138.8,70%,0.70,0.32,0.07,0.09,47629
Zimo,TWS,all,global,"viper, omen, killjoy",416,1.00,184.5,1.01,119.2,72%,0.64,0.28,0.07,0.06,36070
mimi,G2G,all,global,"vyse, kayo, breach",674,1.00,185.0,0.98,121.4,74%,0.64,0.35,0.09,0.09,17323
decoy,IHC,all,global,"neon, waylay, jett",391,1.00,213.5,1.03,141.8,72%,0.76,0.22,0.14,0.13,40889
FLOGA,KING,all,global,"omen, astra, brimstone",636,1.00,206.6,1.04,135.2,75%,0.72,0.40,0.08,0.07,43128
Crus,CC,all,global,"fade, sova, skye",452,1.00,177.0,0.89,131.0,71%,0.63,0.23,0.05,0.04,23976
mada,NRG,vct,"global,vct-americas","waylay, raze, neon",489,0.99,202.8,1.03,127.4,70%,0.73,0.24,0.17,0.18,5132
v1c,C9,vct,vct-americas,"astra, omen, viper",212,0.99,170.3,0.91,120.4,74%,0.61,0.41,0.07,0.09,17433
Demon1,ENVY,vct,"global,vct-americas","veto, astra, iso",231,0.99,197.3,1.04,129.6,67%,0.75,0.18,0.10,0.13,26171
Jackk,C9,all,"global,vct-americas","fade, sova",259,0.99,185.5,0.97,126.9,75%,0.65,0.35,0.05,0.07,44842
Leviathan,FS,vct,"global,vct-pacific","cypher, viper, omen",442,0.99,178.4,1.03,120.5,70%,0.67,0.27,0.05,0.07,27254
Meteor,T1,all,"global,vct-pacific","killjoy, viper, phoenix",390,0.99,210.0,0.97,143.4,69%,0.71,0.22,0.10,0.11,13039
Caedye,DFM,all,"global,vct-pacific","vyse, cypher, omen",317,0.99,212.4,0.98,136.8,69%,0.72,0.24,0.09,0.09,29841
lowz,PEEK,all,global,"phoenix, chamber, vyse",222,0.99,222.5,0.99,146.9,64%,0.78,0.10,0.16,0.16,48964
Lysoar,XLG,all,global,"omen, astra, brimstone",590,0.99,185.0,0.97,119.6,74%,0.66,0.39,0.04,0.05,37489
marky,TS,all,global,"breach, raze, viper",457,0.99,184.5,0.95,119.0,78%,0.63,0.40,0.08,0.05,10217
pollo,F4T,all,global,"viper, chamber, vyse",253,0.99,189.6,0.96,127.7,65%,0.67,0.18,0.06,0.08,2486
Australis,WADA,all,global,"tejo, omen, sova",237,0.99,200.6,1.04,134.2,70%,0.72,0.32,0.06,0.06,15039
beeb,D1,all,global,"phoenix, breach, viper",310,0.99,195.9,0.95,134.4,70%,0.67,0.25,0.06,0.03,35377
Kolosha,BOA,all,global,"neon, breach, harbor",523,0.99,199.6,0.98,135.6,74%,0.70,0.34,0.10,0.12,37925
Anita,GX.GC,gc,"gc,global","viper, phoenix, skye",670,0.99,200.3,0.98,132.8,73%,0.69,0.35,0.11,0.11,48660
OLIZERA,UCAM,all,global,"cypher, viper, killjoy",445,0.99,190.2,0.98,125.8,72%,0.67,0.28,0.11,0.08,8502
stonezy,LAG,all,global,"vyse, cypher, raze",412,0.99,191.2,0.95,132.6,72%,0.66,0.23,0.08,0.08,33731
MonOkson,GNG,all,global,"omen, viper, harbor",316,0.99,181.6,0.98,115.6,69%,0.64,0.24,0.07,0.05,9698
Surf,TLNA,all,global,"viper, cypher, killjoy",482,0.99,193.7,1.07,131.2,71%,0.70,0.18,0.10,0.07,23062
NcSlasher,BME,all,global,"skye, fade, omen",322,0.99,178.6,1.03,113.5,70%,0.65,0.37,0.08,0.07,7043
chubizin,BEST,all,global,"astra, omen, harbor",209,0.99,186.3,1.01,124.1,72%,0.67,0.35,0.05,0.05,33570
Big Tonka T,Xora,all,global,"omen, deadlock, astra",392,0.99,187.9,0.97,129.9,69%,0.68,0.30,0.08,0.08,35447
RayUndaunted,EVX,all,global,"viper, veto, killjoy",579,0.99,200.6,1.00,131.5,71%,0.69,0.25,0.08,0.07,44787
Lyda,BAR.GC,gc,"gc,global","sova, fade, skye",577,0.99,194.1,0.96,131.3,72%,0.68,0.25,0.05,0.06,19362
CHAROD,SWIM,all,global,"chamber, jett, raze",745,0.99,212.8,1.04,141.0,68%,0.78,0.17,0.16,0.15,5166
Romeo,PG,all,global,"jett, neon, phoenix",219,0.99,215.5,0.92,142.8,69%,0.73,0.31,0.11,0.15,41868
Albaladejo,,all,global,"viper, fade, brimstone",206,0.99,214.8,1.02,144.5,74%,0.78,0.33,0.05,0.07,51271
wezzy,BJK,all,global,"cypher, viper, phoenix",432,0.99,196.6,0.99,129.2,69%,0.72,0.21,0.13,0.10,39351
avery,SOTR,all,global,"fade, sova, breach",276,0.99,181.9,0.94,124.5,72%,0.65,0.29,0.05,0.07,17950
geeza,NRGA,all,global,"skye, fade, sova",526,0.99,197.6,1.02,132.8,70%,0.71,0.20,0.08,0.08,12932
ahm4xx,DYNA,all,global,"neon, waylay, gekko",879,0.99,226.2,1.03,147.0,69%,0.78,0.19,0.17,0.16,56747
Cyro,E5,all,global,"chamber, viper, cypher",424,0.99,190.3,0.96,132.0,68%,0.67,0.18,0.07,0.08,44727
Padisah,GS,all,global,"raze, jett, cypher",216,0.99,211.7,1.06,137.5,68%,0.76,0.16,0.12,0.12,10152
mepeezy,FA,all,global,"neon, breach, waylay",479,0.99,221.7,1.03,144.2,69%,0.77,0.21,0.13,0.14,41719
Zoestol,UVA,all,global,"brimstone, omen, astra",605,0.99,177.4,0.96,118.3,72%,0.61,0.36,0.07,0.06,11696
Paincakes,EG,vct,"global,vct-americas","sova, fade, skye",67,0.98,183.0,0.86,120.7,69%,0.63,0.39,0.00,0.07,2164
Darker,LOUD,vct,"global,vct-americas","vyse, astra, viper",311,0.98,203.5,0.92,134.5,71%,0.70,0.32,0.07,0.07,10557
nekky,EF,vct,"global,vct-emea","tejo, fade, sova",503,0.98,191.3,0.99,127.6,71%,0.68,0.27,0.06,0.06,12670
Boaster,FNC,vct,"global,vct-emea","harbor, omen, brimstone",364,0.98,165.1,0.90,106.8,73%,0.55,0.43,0.06,0.07,438
nAts,TL,vct,"global,vct-emea","killjoy, cypher, viper",362,0.98,202.1,1.02,138.2,69%,0.71,0.20,0.10,0.10,457
UdoTan,GE,all,"global,vct-pacific","neon, raze, sage",662,0.98,214.5,1.01,138.5,72%,0.74,0.23,0.14,0.15,4428
Francis,NS,all,"global,vct-pacific","neon, yoru, sova",425,0.98,198.6,0.95,135.0,71%,0.71,0.30,0.11,0.10,31828
Kushy,RRQ,all,"global,vct-pacific","sova, skye, fade",451,0.98,182.1,0.95,122.5,76%,0.65,0.35,0.05,0.05,4866
BerserX,TS,all,"global,vct-pacific","viper, cypher, killjoy",314,0.98,178.9,0.96,117.7,73%,0.61,0.25,0.08,0.06,4874
dyl,Ball,all,global,"chamber, vyse, viper",368,0.98,210.9,0.97,136.3,69%,0.74,0.16,0.16,0.15,60835
Noble,DYNA,all,global,"viper, phoenix, neon",487,0.98,191.9,0.98,124.4,72%,0.67,0.28,0.08,0.09,34289
om3y,BLUE,all,global,"phoenix, reyna, deadlock",732,0.98,210.7,1.00,142.8,71%,0.73,0.26,0.13,0.14,46601
Glance,KCGC,all,global,"tejo, sova, fade",446,0.98,194.0,0.97,129.9,72%,0.66,0.24,0.06,0.05,11183
anesilia,KCGC,all,global,"skye, breach, kayo",446,0.98,190.5,0.93,126.7,77%,0.66,0.38,0.08,0.07,38133
martin,ARC,all,global,"cypher, killjoy, veto",342,0.98,188.0,1.01,123.3,74%,0.70,0.24,0.10,0.10,45984
Rarga,XLG,all,global,"sage, neon, raze",590,0.98,210.1,1.03,132.8,71%,0.74,0.20,0.17,0.16,22047
Leo,FLY,all,global,"omen, clove, neon",508,0.98,221.9,1.01,138.9,75%,0.77,0.33,0.09,0.10,47858
illumi,DXA,all,global,"raze, jett",351,0.98,241.6,0.99,156.1,68%,0.81,0.17,0.16,0.13,31599
Nia,FCY,all,global,"neon, veto, jett",396,0.98,221.7,1.07,137.7,70%,0.78,0.21,0.17,0.17,48574
KHS,MORB,all,global,"sova, brimstone, fade",371,0.98,206.9,0.91,137.9,65%,0.70,0.27,0.09,0.06,16029
Sovano,AE,all,global,"neon, jett",410,0.98,221.4,0.98,144.1,67%,0.80,0.18,0.16,0.19,27173
ixi,,all,global,"phoenix, viper, raze",327,0.98,199.1,0.89,131.7,71%,0.66,0.37,0.07,0.06,36713
taka,FUR.AC,all,global,"vyse, chamber, viper",209,0.98,195.2,1.10,134.1,68%,0.72,0.16,0.09,0.08,40859
bless,Over,all,global,"phoenix, raze, jett",276,0.98,232.8,1.01,155.2,66%,0.82,0.17,0.11,0.15,28402
Kohliii,AST,all,global,"tejo, brimstone, astra",204,0.98,181.9,1.01,122.7,73%,0.67,0.36,0.04,0.05,10758
mozz1e,TOT,all,global,"vyse, cypher, harbor",245,0.98,185.3,0.98,131.6,70%,0.66,0.23,0.07,0.07,38299
SynX,VLT,all,global,"fade, sova, skye",286,0.98,198.2,0.93,129.4,70%,0.70,0.27,0.07,0.07,51696
STYRON,XLB,all,global,"sova, skye, fade",362,0.98,181.5,0.95,123.2,74%,0.63,0.31,0.08,0.10,11704
Miu,,all,global,"iso, raze, yoru",206,0.98,198.0,1.01,129.0,70%,0.72,0.15,0.07,0.10,54233
ZYND,ZOL,all,global,"viper, killjoy, cypher",457,0.98,187.3,1.02,124.9,69%,0.67,0.18,0.14,0.12,16953
Zauqk,FH,all,global,"fade, sova",277,0.98,185.8,0.93,129.3,76%,0.61,0.34,0.05,0.09,29790
Fezisss,LAG,all,global,"omen, astra",210,0.98,183.0,0.87,123.4,70%,0.63,0.39,0.08,0.06,39285
Boomy,Cala,all,global,"waylay, phoenix, neon",937,0.98,207.5,0.99,134.5,68%,0.72,0.20,0.12,0.11,47852
Pacifist,Revi,all,global,"fade, skye, sova",327,0.98,178.9,0.95,123.0,69%,0.63,0.25,0.05,0.08,51448
jawgemo,G2,all,"global,vct-americas","neon, raze, yoru",594,0.97,205.4,1.00,135.6,70%,0.73,0.24,0.14,0.16,3993
skuba,NRG,all,"global,vct-americas","astra, viper, cypher",738,0.97,175.6,1.01,115.2,72%,0.64,0.27,0.09,0.07,11118
JonahP,SEN,all,"global,vct-americas","sova, skye, fade",492,0.97,184.2,0.97,125.6,73%,0.63,0.25,0.08,0.08,4581
NINJA,PCF,vct,"global,vct-emea","fade, sova, tejo",261,0.97,174.3,0.98,117.2,71%,0.65,0.16,0.05,0.07,28948
cNed,PCF,all,"global,vct-emea","neon, jett",244,0.97,194.3,0.94,131.2,65%,0.68,0.18,0.16,0.16,573
BeYN,KRX,vct,"global,vct-pacific","fade, breach, sova",435,0.97,171.9,0.91,112.7,72%,0.60,0.34,0.06,0.07,4678
Hyuse,ROY,all,global,"omen, raze, phoenix",452,0.97,196.9,0.88,132.7,70%,0.67,0.29,0.09,0.09,37639
dynamic,TOR,all,global,"viper, chamber, jett",893,0.97,215.0,1.02,136.7,67%,0.77,0.17,0.14,0.15,8746
neT,FLY,all,global,"viper, omen, astra",331,0.97,182.2,0.98,120.1,71%,0.65,0.33,0.08,0.08,6582
misu,TWO,all,global,"brimstone, omen, killjoy",462,0.97,184.5,0.97,122.5,75%,0.65,0.32,0.09,0.06,28535
Ange,NRGA,all,global,"brimstone, omen, viper",526,0.97,177.4,0.93,118.0,75%,0.61,0.39,0.06,0.09,766
NOBITA,CGZ,all,global,"sova, fade, skye",203,0.97,179.9,0.95,120.1,71%,0.62,0.28,0.05,0.07,10769
Andersin,COO,all,global,"brimstone, astra, omen",229,0.97,201.3,0.97,129.4,65%,0.72,0.31,0.07,0.09,1089
ren george,,all,global,"waylay, phoenix, iso",297,0.97,222.4,0.97,146.1,66%,0.78,0.20,0.13,0.15,63680
ExpMoe,NXG,all,global,"omen, brimstone, astra",243,0.97,213.9,0.97,138.4,69%,0.70,0.36,0.07,0.09,50423
vanitas,GHST,all,global,"tejo, fade, sova",367,0.97,194.8,0.94,128.9,71%,0.67,0.29,0.06,0.05,38734
Blahst,ROSE,all,global,"brimstone, viper, cypher",371,0.97,196.9,0.94,130.6,68%,0.68,0.25,0.05,0.07,5035
Flex1n,DRG,all,global,"omen, astra, brimstone",338,0.97,175.8,0.88,112.2,72%,0.61,0.46,0.07,0.08,4705
Nicc,DRG,all,global,"skye, fade, sova",338,0.97,178.0,0.92,116.7,73%,0.63,0.34,0.04,0.06,11524
YaBoiLewis,FKS,all,global,"kayo, skye, fade",326,0.97,176.6,0.94,119.1,74%,0.63,0.31,0.06,0.08,4244
kabzi,USTU,all,global,"viper, cypher, astra",249,0.97,198.5,0.98,128.0,71%,0.69,0.31,0.06,0.06,40841
Zeask,GS,all,global,"neon, raze, jett",216,0.97,225.3,1.00,142.9,67%,0.77,0.17,0.23,0.19,13557
chiwa,JL,all,global,"astra, viper, vyse",532,0.97,196.5,0.99,133.2,72%,0.68,0.32,0.09,0.07,321
diky,IHC,all,global,"viper, omen, cypher",391,0.97,202.1,0.99,134.6,68%,0.73,0.19,0.12,0.09,40892
Zanatsu,MAS,all,global,"phoenix, neon, waylay",246,0.97,221.0,1.01,138.3,70%,0.76,0.20,0.15,0.16,3455
RYKER,AXG,all,global,"raze, jett",520,0.97,221.5,0.98,147.5,68%,0.76,0.17,0.16,0.17,43997
DataKiller,ROSE,all,global,"fade, sova, skye",466,0.97,184.5,0.94,119.1,75%,0.63,0.36,0.05,0.05,29139
aLerT,NKT,all,global,"omen, astra, brimstone",482,0.97,174.0,0.94,111.9,74%,0.60,0.34,0.07,0.05,2366
SCar,AE,all,global,"omen, astra, brimstone",410,0.97,167.5,0.84,116.8,70%,0.58,0.41,0.04,0.06,34100
Ch1pS,Xora,all,global,"sova, skye, fade",318,0.97,180.3,0.92,122.8,70%,0.63,0.29,0.06,0.06,46375
Jiex,KCGC,all,global,"brimstone, omen, harbor",446,0.97,183.9,0.89,118.3,73%,0.64,0.38,0.07,0.08,22792
dara,,all,global,"viper, omen, harbor",204,0.97,190.1,0.90,130.0,71%,0.66,0.39,0.07,0.09,62252
gyen,RID,all,global,"chamber, viper, vyse",228,0.97,170.6,0.97,118.3,67%,0.61,0.17,0.11,0.10,48577
Nora,ROSE,all,global,"brimstone, astra, omen",256,0.97,201.7,0.94,131.6,74%,0.69,0.38,0.09,0.09,32667
oasis,SOTR,all,global,"phoenix, iso, reyna",455,0.97,211.4,0.97,147.4,69%,0.74,0.21,0.12,0.09,37923
terror,100T,all,global,"viper, neon, breach",313,0.97,199.2,1.01,126.0,71%,0.73,0.35,0.10,0.12,45801
musashi,SGE,all,global,"sage, fade, raze",304,0.97,177.4,1.01,121.8,74%,0.61,0.30,0.10,0.10,4325
Ayble,Xora,all,global,"jett, omen, viper",342,0.97,211.9,0.94,141.1,69%,0.74,0.24,0.11,0.08,45547
bdog,EGA,all,global,"neon, raze, jett",672,0.97,219.8,1.03,144.1,69%,0.77,0.16,0.17,0.17,844
cauanzin,LOUD,vct,"global,vct-americas","fade, sova, skye",311,0.96,170.6,0.88,117.0,69%,0.59,0.30,0.06,0.06,6193
Mazino,MIBR,all,"global,vct-americas","harbor, astra, omen",340,0.96,180.9,0.91,120.6,73%,0.62,0.45,0.06,0.07,7603
vora,100T,all,"global,vct-americas","fade, sova, skye",443,0.96,170.0,0.96,117.3,73%,0.59,0.33,0.05,0.05,20140
Izzy,EF,vct,"global,vct-emea","waylay, neon, jett",503,0.96,198.7,1.00,125.4,68%,0.70,0.16,0.16,0.18,10160
Loita,BBL,all,"global,vct-emea","omen, brimstone, astra",364,0.96,171.4,0.85,114.4,72%,0.60,0.43,0.04,0.10,24344
Lakia,GEN,vct,"global,vct-pacific","fade, breach, sova",282,0.96,187.2,0.88,122.6,76%,0.65,0.37,0.05,0.05,773
Munchkin,T1,vct,"global,vct-pacific","astra, omen, brimstone",400,0.96,170.7,0.92,109.9,73%,0.59,0.45,0.04,0.10,2489
Xdll,ZETA,all,"global,vct-pacific","killjoy, vyse, viper",209,0.96,198.8,0.94,135.2,68%,0.70,0.19,0.09,0.09,25221
hehehellen,FURI,all,global,"omen, harbor",226,0.96,173.3,0.95,110.0,69%,0.65,0.28,0.07,0.08,19700
UNFAKE,JL,all,global,"sova, skye, fade",532,0.96,178.9,0.98,117.8,72%,0.65,0.27,0.09,0.06,4521
Kel,HOME,all,global,"jett, raze",271,0.96,191.6,0.97,131.7,64%,0.69,0.17,0.13,0.11,22798
NDG,HOME,all,global,"sova, fade, tejo",271,0.96,176.6,0.89,120.2,74%,0.61,0.32,0.03,0.06,12322
LIAN,Pink,all,global,"fade, sova, omen",354,0.96,185.4,0.84,129.0,68%,0.63,0.29,0.06,0.06,53353
Urango,RED,all,global,"sova, fade, tejo",234,0.96,175.6,0.95,119.3,68%,0.64,0.24,0.06,0.07,6238
JA,XIP,all,global,"killjoy, cypher, viper",388,0.96,199.7,0.99,134.0,67%,0.69,0.18,0.09,0.11,13220
picklespear,,all,global,"jett, raze, waylay",321,0.96,203.6,1.03,137.4,72%,0.75,0.16,0.17,0.14,58804
Karina,ATNR,all,global,"viper, cypher, sova",486,0.96,187.1,0.96,123.3,69%,0.68,0.18,0.05,0.06,20730
znajder,F4T,all,global,"waylay, neon, phoenix",210,0.96,213.0,0.99,141.1,70%,0.76,0.18,0.17,0.19,56935
mitsu,Kind,all,global,"neon, omen, clove",297,0.96,202.1,0.91,140.1,66%,0.70,0.17,0.10,0.12,53374
J0n,DGTL,all,global,"omen, astra",457,0.96,184.8,0.92,118.8,72%,0.65,0.39,0.06,0.06,57970
surge,Ace,all,global,"reyna, gekko, phoenix",458,0.96,212.8,0.89,144.7,71%,0.73,0.30,0.07,0.08,51806
twigz,BOX,all,global,"neon, phoenix, omen",334,0.96,188.2,0.92,128.1,70%,0.66,0.22,0.06,0.09,48004
Velora,Clue,all,global,"chamber, cypher, killjoy",300,0.96,191.7,0.93,133.7,64%,0.67,0.20,0.06,0.08,33042
drz,TOT,all,global,"phoenix, omen, raze",245,0.96,206.3,0.93,138.8,73%,0.71,0.29,0.13,0.15,33173
Yuta,WIP,all,global,"viper, cypher",677,0.96,187.1,0.96,126.7,68%,0.67,0.20,0.08,0.10,15969
ALEKSANDAR,YFP,all,global,"vyse, chamber, cypher",412,0.96,177.5,1.00,122.2,69%,0.66,0.16,0.07,0.10,1120
vii,EG.GC,gc,"gc,global","viper, raze, kayo",226,0.96,209.0,0.97,140.0,68%,0.76,0.27,0.10,0.12,29179
max,DYNA,all,global,"sova, fade, skye",714,0.96,173.5,0.87,119.4,73%,0.59,0.39,0.05,0.07,53833
Loweed,F4T,all,global,"neon, viper, phoenix",210,0.96,203.4,0.96,140.0,69%,0.70,0.25,0.15,0.10,8896
Zap,TBK,all,global,"fade, breach, skye",215,0.96,193.7,0.99,123.6,72%,0.69,0.35,0.07,0.08,3169
batujnax,REBO,all,global,"sova, skye, fade",535,0.96,179.4,0.99,116.2,76%,0.64,0.32,0.09,0.09,18615
Paradox,RAD,all,global,"phoenix, neon, kayo",245,0.96,214.3,0.95,139.5,69%,0.73,0.35,0.16,0.13,10463
murza,SC,all,global,"vyse, omen, clove",265,0.96,201.8,0.91,136.7,77%,0.71,0.29,0.05,0.12,31589
kkoruna,JADE,all,global,"raze, neon, jett",481,0.96,213.3,1.00,142.4,68%,0.75,0.16,0.16,0.17,52080
Lmemore,AE,all,global,"fade, skye, tejo",410,0.96,196.1,0.89,127.8,67%,0.66,0.29,0.05,0.10,7764
XXiF,YFT,all,global,"vyse, killjoy, fade",432,0.96,181.1,0.94,126.2,72%,0.62,0.22,0.09,0.07,1023
Anva,GX.GC,gc,"gc,global","killjoy, viper, cypher",670,0.96,196.9,1.02,130.8,73%,0.70,0.16,0.11,0.08,24100
ip0TT,FF,all,global,"neon, jett, raze",462,0.96,220.6,1.03,140.0,69%,0.76,0.18,0.18,0.19,10137
ness,TWO,all,global,"fade, tejo, skye",588,0.96,185.8,0.93,125.5,70%,0.65,0.31,0.07,0.08,17343
narky,Lost,all,global,"neon, raze, jett",298,0.96,213.6,0.99,140.9,64%,0.75,0.15,0.19,0.22,50288
Kada,MDR,all,global,"sova, fade, skye",277,0.96,167.5,1.01,108.3,73%,0.62,0.23,0.03,0.07,20871
eeiu,FUR,vct,"global,vct-americas","fade, sova",360,0.95,179.4,0.93,120.1,65%,0.65,0.24,0.08,0.04,796
westside,GX,vct,vct-emea,"phoenix, cypher, waylay",278,0.95,196.1,0.99,129.8,72%,0.71,0.21,0.13,0.14,34684
grubinho,GX,vct,vct-emea,"omen, astra, brimstone",278,0.95,170.3,0.89,112.9,74%,0.61,0.37,0.05,0.05,5550
chloric,NAVI,all,"global,vct-emea","skye, fade, sova",336,0.95,161.1,0.92,105.7,72%,0.57,0.30,0.04,0.05,15639
Rb,NS,all,"global,vct-pacific","harbor, brimstone, omen",425,0.95,164.2,0.86,108.0,72%,0.56,0.44,0.05,0.04,488
Ivy,NS,all,"global,vct-pacific","viper, chamber, killjoy",425,0.95,182.2,1.02,121.0,67%,0.68,0.16,0.09,0.11,31829
yong,KRX,all,"global,vct-pacific","chamber, harbor, killjoy",374,0.95,196.3,0.96,133.4,71%,0.68,0.24,0.10,0.11,51238
dancingdino371,RGP,all,global,"kayo, fade, skye",543,0.95,198.0,0.89,131.7,69%,0.69,0.45,0.07,0.11,39176
TITOUNE,GMX,all,global,"chamber, neon, jett",228,0.95,214.8,0.96,137.7,64%,0.78,0.12,0.19,0.18,46446
DeepMans,F9,all,global,"skye, sova, fade",215,0.95,167.6,0.92,110.8,72%,0.63,0.27,0.06,0.07,3862
Muddy,YFT,all,global,"brimstone, omen, waylay",420,0.95,199.3,0.96,129.5,72%,0.70,0.24,0.13,0.13,28892
kaza,BONK,all,global,"neon, viper, vyse",276,0.95,187.7,0.87,126.3,68%,0.65,0.28,0.07,0.10,41185
influx,BJK,all,global,"neon, raze, jett",432,0.95,191.4,0.96,128.8,71%,0.70,0.21,0.12,0.13,50776
MiGodd,1TAP,all,global,"fade, sova, skye",322,0.95,165.6,0.91,113.8,74%,0.59,0.40,0.05,0.09,24879
jinwoo,ROSE,all,global,neon,281,0.95,225.6,0.89,146.3,67%,0.75,0.22,0.18,0.19,59287
BIBI,MIR.GC,gc,"gc,global","sova, fade, tejo",206,0.95,173.4,0.88,119.4,73%,0.60,0.29,0.06,0.10,40423
sarah,TWO,all,global,"viper, breach, omen",588,0.95,180.1,0.95,117.2,74%,0.65,0.27,0.06,0.07,24107
tricky,RAD,all,global,"chamber, cypher, vyse",245,0.95,186.3,0.91,127.5,63%,0.66,0.21,0.10,0.09,28612
dihawk,DYNA,all,global,"reyna, clove, phoenix",496,0.95,214.5,0.98,142.4,70%,0.76,0.19,0.14,0.13,29691
LEW,BONK,all,global,"raze, jett, waylay",255,0.95,204.8,0.97,141.6,67%,0.71,0.18,0.07,0.11,1062
grahams,TWO,all,global,"skye, raze, neon",588,0.95,199.9,0.97,129.0,70%,0.70,0.27,0.11,0.14,45029
azza,VCD,all,global,"sova, fade",206,0.95,157.2,0.85,114.9,76%,0.54,0.29,0.04,0.04,36117
Kajuks,BAR,all,global,"astra, brimstone, omen",412,0.95,175.7,0.84,112.6,73%,0.61,0.49,0.08,0.11,15064
Booey,Want,all,global,"raze, neon, jett",344,0.95,209.9,0.88,143.0,65%,0.70,0.22,0.11,0.13,44085
kramarick,ELVA,all,global,"chamber, cypher",224,0.95,185.5,0.98,126.7,70%,0.71,0.16,0.13,0.11,41225
safiaa,KCGC,all,global,"viper, cypher, astra",446,0.95,192.4,1.01,128.8,69%,0.70,0.18,0.09,0.09,39057
Governor,WU,all,global,"fade, raze, sova",268,0.95,192.3,0.98,127.6,73%,0.66,0.29,0.09,0.10,3980
side,UGA,all,global,"vyse, killjoy, chamber",336,0.95,190.8,0.94,132.9,65%,0.68,0.20,0.11,0.13,29687
ef1sS,FF,all,global,"omen, astra, neon",462,0.95,167.5,0.87,114.9,71%,0.59,0.44,0.05,0.10,58374
phobis,Tuff,all,global,"sage, fade, skye",209,0.95,192.2,0.87,127.6,67%,0.65,0.25,0.09,0.10,49836
azul,ZEN.GC,gc,"gc,global","viper, breach, gekko",214,0.95,165.1,0.97,113.3,74%,0.65,0.29,0.08,0.07,21091
moobs,EGA,all,global,"cypher, viper, killjoy",672,0.95,196.0,0.95,132.5,66%,0.68,0.21,0.14,0.14,9017
Krysme,SCCP.IN,all,global,"killjoy, vyse, viper",206,0.95,176.1,1.05,121.2,71%,0.67,0.17,0.06,0.08,2245
RetrQ,ROSE,all,global,"vyse, breach, omen",446,0.95,186.7,0.89,121.2,69%,0.66,0.26,0.05,0.06,893
Strame,CDMD,all,global,"vyse, killjoy, viper",351,0.95,195.1,0.98,131.6,69%,0.71,0.17,0.09,0.11,34257
Orbital,Kind,all,global,"skye, fade, sova",368,0.95,182.4,0.89,123.8,69%,0.63,0.29,0.05,0.04,45683
Madaô,GLS,all,global,"omen, brimstone",277,0.95,182.6,0.93,121.3,75%,0.66,0.47,0.09,0.08,4614
penny,C9,vct,vct-americas,"chamber, viper, vyse",153,0.94,193.3,1.00,124.8,68%,0.67,0.24,0.09,0.09,7716
xeus,FUT,vct,vct-emea,"phoenix, raze, waylay",497,0.94,205.4,1.00,135.7,70%,0.74,0.18,0.10,0.11,12793
Melvin,DGTL,all,global,"waylay, neon, jett",576,0.94,216.6,0.94,142.3,67%,0.73,0.21,0.15,0.18,25866
Vuxqt,1TAP,all,global,"astra, viper, omen",225,0.94,185.0,0.87,123.1,75%,0.64,0.44,0.08,0.04,48696
xeus,EF,all,global,"waylay, raze, phoenix",745,0.94,202.1,0.97,134.9,69%,0.73,0.20,0.12,0.12,12793
Jazzyk1ns,FLY,all,global,"skye, kayo, killjoy",507,0.94,180.7,0.91,124.8,73%,0.63,0.36,0.07,0.09,3077
2GE,PHR,all,global,"omen, viper, harbor",481,0.94,174.3,0.89,115.8,70%,0.60,0.36,0.05,0.06,9735
este,Divi,all,global,"sage, viper, jett",363,0.94,207.4,0.89,138.0,67%,0.72,0.25,0.10,0.14,59015
ducq,FLY,all,global,"skye, fade, sova",653,0.94,168.4,0.88,114.1,76%,0.56,0.36,0.03,0.05,44348
sh1n,MDR,all,global,"harbor, viper, omen",277,0.94,179.2,0.96,118.5,72%,0.64,0.31,0.05,0.08,2625
raised,EGO,all,global,neon,347,0.94,220.9,1.03,138.9,69%,0.80,0.20,0.19,0.20,40858
WsLeo,XLG,all,global,"fade, tejo, skye",590,0.94,185.7,0.89,122.9,72%,0.62,0.33,0.07,0.08,24308
NAMI,QOR,all,global,"neon, tejo, phoenix",261,0.94,199.1,0.91,132.8,63%,0.70,0.15,0.13,0.15,38599
Vince,CGN,all,global,"harbor, miks, brimstone",351,0.94,178.3,0.90,113.1,69%,0.60,0.41,0.06,0.06,4329
stellar,NBG,all,global,"vyse, viper, cypher",584,0.94,180.0,0.94,117.2,70%,0.64,0.22,0.06,0.07,733
Jieni7,EDG,all,global,"omen, kayo, neon",506,0.94,185.9,0.96,122.9,70%,0.67,0.35,0.06,0.08,51244
icie,BLUE,all,global,"raze, jett, vyse",552,0.94,196.2,0.92,132.0,70%,0.69,0.23,0.11,0.14,41894
nerve,FUR,all,"global,vct-americas","viper, omen, astra",488,0.93,169.8,0.84,114.6,71%,0.57,0.33,0.05,0.06,754
Lar0k,BBL,vct,"global,vct-emea","neon, deadlock, kayo",292,0.93,193.1,0.94,125.3,68%,0.66,0.24,0.09,0.12,31305
wayne,TL,vct,"global,vct-emea","astra, omen, brimstone",362,0.93,170.9,0.86,110.9,74%,0.58,0.38,0.06,0.07,24628
SyouTa,ZETA,vct,"global,vct-pacific","viper, veto, cypher",269,0.93,193.6,0.97,125.4,72%,0.69,0.17,0.12,0.11,12990
xavi8k,GE,all,"global,vct-pacific","omen, astra, sage",662,0.93,172.9,0.90,115.4,71%,0.60,0.33,0.06,0.08,7754
Kestrel,WADA,all,global,"deadlock, neon, fade",257,0.93,191.7,0.93,124.7,65%,0.70,0.17,0.10,0.13,30790
Saiz,OTK,all,global,"cypher, viper, brimstone",290,0.93,182.8,0.92,122.7,62%,0.67,0.16,0.05,0.10,7220
BORKUM,HOME,all,global,"cypher, killjoy, viper",271,0.93,169.1,0.84,116.2,68%,0.58,0.29,0.04,0.07,2333
caiobaz,ELVA,all,global,"sova, breach, viper",379,0.93,180.8,0.83,126.0,69%,0.61,0.28,0.08,0.08,23799
huphh,BOX,all,global,"jett, reyna, raze",285,0.93,201.9,0.91,132.9,68%,0.71,0.16,0.16,0.15,46277
Hasagi,Xora,all,global,"jett, raze, phoenix",272,0.93,210.4,0.96,137.8,67%,0.74,0.16,0.17,0.14,60916
Cowpie867,Powe,all,global,"viper, vyse, cypher",252,0.93,200.7,0.91,134.6,60%,0.72,0.14,0.10,0.13,32170
B1n,GD,all,global,"viper, omen, tejo",327,0.93,184.6,0.91,122.1,69%,0.62,0.30,0.07,0.09,44674
ghost,BZK,all,global,"viper, chamber, vyse",265,0.93,198.1,0.87,131.0,67%,0.66,0.24,0.10,0.05,24232
Benderr,Ace,all,global,"viper, killjoy, omen",217,0.93,204.2,0.90,141.9,66%,0.70,0.20,0.08,0.07,44005
ibonata,FA,all,global,"sova, fade, skye",479,0.93,170.0,0.84,113.0,74%,0.55,0.39,0.04,0.07,40842
donnie,Over,all,global,"sova, clove, omen",309,0.93,195.3,0.86,133.9,74%,0.67,0.31,0.06,0.06,42169
Laeno,,all,global,"phoenix, killjoy, vyse",286,0.93,206.8,0.89,140.4,70%,0.76,0.18,0.10,0.09,39193
azume,Mill,all,global,"omen, viper, fade",288,0.93,176.8,0.94,116.2,67%,0.64,0.28,0.06,0.08,54967
flasHH,Mona,all,global,"jett, raze",435,0.93,200.3,0.89,141.9,69%,0.69,0.20,0.15,0.17,29613
calamity,Cala,all,global,"neon, astra, clove",937,0.93,211.7,0.94,131.9,68%,0.72,0.25,0.13,0.13,47861
Guardy,BAR,all,global,"kayo, tejo, viper",412,0.93,187.4,0.90,123.0,70%,0.65,0.34,0.08,0.10,5199
Addi,FKS.S,all,global,"neon, raze, omen",582,0.93,208.0,0.95,134.1,68%,0.74,0.24,0.12,0.18,38025
RozsteR,XOGG,all,global,"jett, chamber, phoenix",222,0.93,187.6,1.03,126.2,68%,0.79,0.18,0.07,0.11,18995
tomaszy,FMG,all,global,"neon, waylay, jett",535,0.93,194.3,0.94,129.5,68%,0.70,0.18,0.21,0.16,19691
Ronga,Hydr,all,global,"viper, vyse, clove",477,0.93,213.5,0.87,142.0,65%,0.72,0.26,0.12,0.13,56746
Javelin,BOA,all,global,"sova, tejo, skye",523,0.93,167.2,0.92,110.3,70%,0.61,0.25,0.03,0.07,29559
Waddles,VNR,all,global,"fade, skye, breach",298,0.93,173.2,0.85,118.7,67%,0.61,0.34,0.03,0.09,45769
bao,EG,all,"global,vct-americas","killjoy, brimstone, breach",343,0.92,178.0,0.88,119.9,73%,0.62,0.29,0.07,0.07,34400
starxo,M8,all,"global,vct-emea","fade, skye, sova",291,0.92,186.7,0.89,120.1,70%,0.64,0.34,0.07,0.09,565
SugarZ3ro,ZETA,all,"global,vct-pacific","harbor, omen, brimstone",209,0.92,184.4,0.87,120.3,69%,0.66,0.34,0.08,0.04,6668
vina,JFT,all,global,"skye, sova, viper",256,0.92,193.3,0.88,129.4,70%,0.66,0.24,0.09,0.10,33714
jvoh,Wook,all,global,"kayo, waylay, jett",252,0.92,207.5,0.86,138.7,67%,0.69,0.22,0.14,0.17,36473
prozin,RED,all,global,"kayo, vyse, breach",281,0.92,177.8,0.84,115.6,69%,0.59,0.37,0.11,0.08,1566
lz,EGO,all,global,"omen, brimstone, astra",257,0.92,159.6,0.89,102.5,73%,0.58,0.37,0.09,0.07,6195
Blessed,KING,all,global,"sova, fade",296,0.92,185.6,0.91,126.7,73%,0.62,0.32,0.07,0.09,22816
karizma,Arri,all,global,"harbor, omen, astra",252,0.92,172.5,0.80,117.0,65%,0.61,0.37,0.04,0.05,34668
BarcK,RZN,all,global,"viper, omen, cypher",292,0.92,192.4,0.88,132.4,71%,0.66,0.33,0.07,0.12,42661
fengshui,,all,global,"fade, sova, skye",351,0.92,190.5,0.89,128.9,69%,0.64,0.31,0.06,0.13,44688
Melser,BEST,all,global,"fade, sova",209,0.92,170.3,0.86,120.9,69%,0.57,0.27,0.05,0.08,1311
dRKY,FF,all,global,"fade, sova, breach",357,0.92,170.5,0.88,114.2,73%,0.59,0.27,0.05,0.08,11516
mazen,GLS,all,global,"neon, raze, jett",277,0.92,187.6,0.98,120.0,68%,0.70,0.12,0.16,0.11,40667
bunnybee,WADA,all,global,"raze, neon, phoenix",237,0.92,203.8,0.94,135.7,65%,0.70,0.22,0.17,0.19,25246
FT,,all,global,"viper, vyse, cypher",362,0.92,171.9,0.90,118.7,70%,0.63,0.24,0.07,0.08,64029
Annie,BAR.GC,gc,"gc,global","kayo, killjoy, sage",577,0.92,181.2,0.90,116.8,68%,0.65,0.25,0.09,0.08,16196
REZE,CG,all,global,"harbor, omen, brimstone",319,0.92,191.7,0.84,129.6,73%,0.65,0.48,0.08,0.11,52931
XiaoFeng,,all,global,"omen, harbor, brimstone",362,0.92,181.4,0.88,120.3,73%,0.63,0.39,0.06,0.08,44128
Hassan,OTK,all,global,"neon, kayo, phoenix",290,0.92,198.3,0.86,133.5,65%,0.68,0.27,0.15,0.14,48951
neto,OXEN,all,global,"jett, chamber, viper",217,0.92,196.8,0.95,125.6,61%,0.71,0.12,0.22,0.18,2818
Wild0reoo,PHR,all,global,"skye, fade, sova",481,0.92,161.5,0.88,110.3,73%,0.58,0.32,0.03,0.05,9740
Carmine,HOUN,all,global,"vyse, viper, omen",242,0.92,192.7,0.90,124.2,69%,0.67,0.33,0.09,0.09,48052
mikeE,ADG,all,global,"skye, fade, sova",586,0.92,164.2,0.88,110.9,71%,0.58,0.32,0.04,0.06,29688
Lilboi,RAD,all,global,"astra, omen",245,0.92,179.0,0.85,116.9,66%,0.63,0.43,0.03,0.07,30877
darm,ORA,all,global,"viper, neon, breach",255,0.92,198.8,0.87,136.0,69%,0.66,0.28,0.07,0.12,30984
xeon,SGN,all,global,"vyse, cypher, veto",286,0.92,183.0,0.93,124.1,63%,0.69,0.18,0.07,0.09,47835
rain,BZK,all,global,"harbor, fade, veto",222,0.92,172.7,0.82,119.6,72%,0.59,0.41,0.06,0.08,47367
LazyPig89,Roch,all,global,"killjoy, vyse, iso",215,0.92,191.8,0.90,135.6,62%,0.69,0.21,0.07,0.09,37738
KNZY,UW,all,global,"omen, skye, harbor",278,0.92,148.1,0.90,95.0,73%,0.53,0.39,0.04,0.05,8278
Cohburg,YFP,all,global,"breach, gekko, skye",291,0.92,184.1,0.88,124.6,68%,0.63,0.30,0.05,0.09,16757
alym,FUR,vct,"global,vct-americas","neon, harbor, phoenix",360,0.91,212.2,0.97,133.4,67%,0.75,0.22,0.17,0.21,48025
Akame,DFM,vct,"global,vct-pacific","killjoy, viper, sova",357,0.91,205.3,0.94,129.7,68%,0.71,0.22,0.11,0.17,13002
DeathBlade,HZN,all,global,"raze, phoenix, jett",424,0.91,182.6,0.87,129.7,68%,0.64,0.26,0.09,0.12,37160
Bumble,VNS,all,global,"fade, neon, skye",306,0.91,198.5,0.85,129.9,65%,0.67,0.24,0.11,0.12,44146
Noodle,Eter,all,global,"viper, killjoy, vyse",211,0.91,199.5,0.89,132.8,63%,0.72,0.11,0.10,0.12,59815
myhn,RYL,all,global,"omen, brimstone, astra",212,0.91,175.1,0.89,108.6,73%,0.62,0.38,0.05,0.04,48316
HiiiK,PEEK,all,global,"omen, raze, harbor",222,0.91,188.3,0.83,123.5,69%,0.63,0.32,0.07,0.08,22914
Gia,GHST,all,global,"brimstone, omen, astra",367,0.91,163.4,0.80,105.6,75%,0.56,0.43,0.04,0.02,26008
Zhong,,all,global,"fade, sova",248,0.91,177.9,0.83,124.5,64%,0.61,0.29,0.07,0.08,62254
Tenshi,F9,all,global,"raze, viper, breach",215,0.91,178.0,0.84,121.0,68%,0.61,0.26,0.06,0.08,26809
Emman,XIP,all,global,"sova, fade, skye",281,0.91,170.7,0.92,122.3,72%,0.63,0.26,0.07,0.08,9747
Duck,Drea,all,global,"neon, yoru, jett",295,0.91,211.9,0.90,136.8,68%,0.74,0.16,0.16,0.13,51323
KROSTALY,FUT,vct,"global,vct-emea","fade, sova, skye",497,0.90,167.3,0.86,110.9,71%,0.58,0.36,0.06,0.06,15735
ComeBack,NAVI,vct,vct-emea,"chamber, neon",218,0.90,195.2,0.97,127.8,66%,0.70,0.11,0.18,0.13,40591
SSeeS,DFM,vct,"global,vct-pacific","astra, brimstone, tejo",357,0.90,164.1,0.80,107.3,73%,0.54,0.45,0.04,0.07,21438
Crws,FS,all,"global,vct-pacific","astra, deadlock, brimstone",554,0.90,169.0,0.85,115.1,69%,0.58,0.30,0.06,0.09,3977
Cherrys,,all,global,"vyse, killjoy, chamber",248,0.90,193.8,0.83,130.8,62%,0.65,0.21,0.08,0.12,62253
bao,Revi,all,global,"chamber, veto, vyse",327,0.90,198.6,0.88,133.2,61%,0.69,0.18,0.10,0.14,53551
Scales,TYL,all,global,"cypher, viper",259,0.90,194.3,0.97,129.1,67%,0.70,0.18,0.12,0.11,39485
Batenkh,TRN,all,global,"sova, skye, fade",391,0.90,168.9,0.89,112.7,73%,0.61,0.26,0.05,0.07,40891
Thuy,SKN,all,global,"cypher, viper, killjoy",771,0.90,181.4,0.90,122.9,69%,0.63,0.24,0.11,0.09,41197
Stride,ARC,all,global,"raze, phoenix, skye",342,0.90,192.9,0.86,128.9,73%,0.64,0.30,0.11,0.11,33041
HF2,CNE.GC,gc,"gc,global","cypher, chamber, killjoy",206,0.90,181.8,0.93,120.0,67%,0.63,0.14,0.07,0.09,40556
rezq,SKN,all,global,"phoenix, neon, skye",771,0.90,194.7,0.91,130.5,69%,0.68,0.25,0.09,0.14,36175
nevoy,TSS,all,global,"vyse, cypher, viper",225,0.90,183.5,0.92,128.1,64%,0.65,0.20,0.06,0.11,48981
yokam,XIP,all,global,"neon, jett, phoenix",388,0.90,224.4,0.94,145.0,70%,0.78,0.17,0.19,0.15,44259
nobody,EDG,all,global,"fade, skye, sova",506,0.90,171.0,0.86,114.3,71%,0.58,0.32,0.07,0.10,3017
Racoone,EVX,all,global,"sova, skye, tejo",755,0.90,187.3,0.83,120.4,71%,0.61,0.39,0.10,0.09,44838
MOLSI,FKS,all,global,"omen, brimstone, waylay",326,0.90,161.9,0.84,107.7,74%,0.55,0.37,0.06,0.08,1281
November,Bitf,all,global,"skye, waylay, tejo",212,0.90,175.4,0.95,120.1,68%,0.67,0.17,0.07,0.11,40978
cuz,FCN,all,global,"skye, neon, phoenix",373,0.90,190.5,0.89,127.2,66%,0.68,0.22,0.13,0.15,8410
YuNo,OTK,all,global,"brimstone, omen, breach",290,0.90,175.7,0.83,114.6,69%,0.62,0.34,0.07,0.08,15473
roque,ATNA,all,global,"viper, killjoy, vyse",215,0.90,185.1,0.85,126.3,65%,0.61,0.16,0.09,0.10,50078
zeek,NBG,all,global,"skye, vyse, fade",558,0.90,178.5,0.88,120.1,71%,0.61,0.27,0.07,0.08,26848
GrimReaper874,DGTL,all,global,"fade, skye, sova",457,0.90,168.6,0.80,115.1,73%,0.55,0.33,0.06,0.06,13953
Facade,,all,global,"viper, sage, cypher",242,0.90,192.1,0.88,126.4,67%,0.64,0.32,0.13,0.11,60903
canady,TLNA,all,global,"sova, skye, fade",482,0.90,165.7,0.87,109.1,71%,0.57,0.31,0.07,0.07,41702
P0PPIN,ENVY,vct,"global,vct-americas","fade, sova, skye",231,0.89,180.6,0.81,117.2,67%,0.61,0.33,0.04,0.11,21778
Zellsis,C9,all,"global,vct-americas","harbor, viper, vyse",263,0.89,180.4,0.85,124.3,70%,0.62,0.35,0.07,0.11,729
Avez,KC,all,"global,vct-emea","phoenix, skye, fade",386,0.89,173.7,0.89,114.4,69%,0.61,0.29,0.07,0.10,5654
yatsuka,DFM,vct,"global,vct-pacific","sova, skye, astra",357,0.89,152.8,0.82,100.9,69%,0.54,0.31,0.04,0.04,29843
alkyia,KCGC,all,global,"waylay, neon, jett",446,0.89,208.0,0.94,136.3,66%,0.73,0.17,0.20,0.22,23049
Elyxo,DP,all,global,"kayo, skye, fade",209,0.89,168.9,0.83,115.6,67%,0.59,0.30,0.04,0.07,42348
cabbit,FKS.S,all,global,"skye, sova, fade",220,0.89,176.0,0.82,116.8,67%,0.60,0.18,0.07,0.07,39506
sarie,GHST,all,global,"cypher, viper, chamber",367,0.89,189.7,0.90,131.6,65%,0.66,0.15,0.12,0.13,57387
strongtallguy62,WU,all,global,"vyse, kayo, skye",200,0.89,169.6,0.87,118.0,77%,0.61,0.35,0.06,0.06,48800
pAura,MISA,all,global,"fade, sova, breach",212,0.89,155.6,0.80,112.1,75%,0.56,0.31,0.07,0.08,569
Darxcioo,GNG,all,global,"jett, neon, raze",523,0.89,219.1,0.91,141.2,67%,0.75,0.20,0.18,0.19,42358
Tr0mA,GMX,all,global,"neon, tejo, harbor",247,0.89,214.0,0.89,142.0,66%,0.73,0.27,0.13,0.16,54425
jubs,LFL,all,global,"fade, tejo, sova",214,0.89,162.2,0.90,113.8,75%,0.63,0.24,0.05,0.07,14685
supamen,EG,vct,"global,vct-americas","viper, astra, brimstone",259,0.88,172.0,0.85,116.8,68%,0.62,0.25,0.08,0.09,826
Xeppaa,C9,vct,vct-americas,"skye, sova, raze",253,0.88,186.3,0.81,126.1,69%,0.62,0.32,0.06,0.09,7871
silentzz,KRÜ,vct,"global,vct-americas","vyse, chamber, phoenix",335,0.88,170.8,0.87,113.6,70%,0.60,0.25,0.09,0.05,11921
tex,MIBR,all,"global,vct-americas","astra, vyse, chamber",340,0.88,173.3,0.86,117.5,68%,0.60,0.21,0.09,0.11,1818
Cloud,GX,vct,vct-emea,"sova, tejo, skye",278,0.88,172.2,0.84,117.8,75%,0.59,0.31,0.08,0.07,4181
free1ng,KRX,vct,"global,vct-pacific","neon, tejo, raze",435,0.88,190.6,0.96,121.0,69%,0.68,0.15,0.12,0.15,1916
No Kizzy,Eter,all,global,"sova, fade",211,0.88,178.1,0.82,120.8,67%,0.64,0.24,0.04,0.06,53162
Prti,TLA,all,global,"fade, astra, brimstone",530,0.88,164.9,0.84,109.8,70%,0.57,0.38,0.06,0.08,3839
ExiT,NAVI,all,global,neon,272,0.88,211.0,0.90,125.7,71%,0.69,0.24,0.22,0.23,11917
miyara,GHST,all,global,"skye, sova, fade",313,0.88,141.3,0.87,90.5,73%,0.54,0.29,0.04,0.06,15003
lidyuh,SRG,all,global,"brimstone, omen, astra",492,0.88,162.6,0.81,107.7,73%,0.56,0.40,0.08,0.11,17977
SmokeA,XOGG,all,global,"fade, omen, sova",222,0.88,167.8,0.85,111.3,65%,0.66,0.18,0.09,0.12,10760
JohnieBoy,F9,all,global,"sova, tejo, fade",319,0.88,184.6,0.86,125.9,71%,0.63,0.28,0.08,0.09,4613
renlix,ARC,all,global,"fade, clove, sova",309,0.88,171.9,0.88,113.5,69%,0.62,0.26,0.06,0.10,64678
iluri,EP,all,global,"fade, tejo, skye",402,0.88,143.7,0.83,95.2,77%,0.50,0.36,0.03,0.05,3674
zjk147,EVO,all,global,"neon, viper, raze",253,0.88,206.5,0.88,136.8,64%,0.72,0.14,0.12,0.16,63598
wertlle,,all,global,"chamber, vyse, cypher",399,0.88,191.2,0.86,123.1,65%,0.68,0.17,0.13,0.13,63180
qpert,PCF,vct,"global,vct-emea","astra, omen",261,0.87,159.0,0.82,105.9,75%,0.56,0.36,0.05,0.05,7105
Neon,,all,global,"omen, phoenix, vyse",357,0.87,208.3,0.86,136.9,70%,0.71,0.29,0.11,0.08,58531
Garv,GEA,all,global,"fade, sova, skye",206,0.87,171.8,0.82,116.5,68%,0.61,0.24,0.03,0.11,43408
jippo,HIPO,all,global,"sova, fade, tejo",210,0.87,178.0,0.77,122.7,65%,0.59,0.22,0.07,0.05,33050
KHaaLiD,RAAD,all,global,"fade, sova, harbor",416,0.87,185.6,0.86,125.5,75%,0.64,0.34,0.11,0.12,5599
CreamZ,GG,all,global,"deadlock, viper, phoenix",211,0.87,166.1,0.86,109.0,63%,0.65,0.22,0.09,0.10,20828
reblyik,MIR,all,global,"viper, fade, omen",292,0.87,181.4,0.88,122.1,64%,0.65,0.16,0.08,0.07,58522
Miyori,BAR.GC,gc,"gc,global","jett, neon, raze",577,0.87,207.5,0.89,133.3,67%,0.71,0.18,0.15,0.18,24101
NowaXxZang,WIP,all,global,"omen, brimstone, astra",677,0.87,161.4,0.81,104.9,73%,0.56,0.39,0.05,0.08,126
cobra,,all,global,"sova, fade, skye",242,0.87,158.1,0.87,109.2,69%,0.57,0.26,0.04,0.05,54469
K1ra,AG,all,global,"raze, cypher, phoenix",293,0.87,207.1,0.97,129.4,71%,0.71,0.23,0.18,0.10,46748
Brave,MISA,all,global,"neon, kayo, breach",212,0.87,187.8,0.88,122.4,71%,0.64,0.32,0.07,0.13,8041
Cfax,CHV,all,global,"sova, fade",220,0.87,186.0,0.87,124.6,66%,0.65,0.22,0.07,0.05,18784
pohler,Eter,all,global,"omen, astra",211,0.87,171.3,0.75,117.2,68%,0.60,0.36,0.06,0.06,40856
Jerrwin,SEN,all,"global,vct-americas",neon,492,0.86,200.5,0.91,125.6,67%,0.70,0.17,0.17,0.18,34057
Rosé,BBL,all,"global,vct-emea","fade, sova, tejo",364,0.86,163.5,0.80,116.0,64%,0.58,0.28,0.05,0.09,5565
JessieVash,TS,vct,"global,vct-pacific","skye, tejo, fade",269,0.86,149.4,0.77,105.6,74%,0.53,0.36,0.04,0.03,2334
joshee,,all,global,"iso, cypher, jett",295,0.86,202.9,0.84,135.4,67%,0.70,0.20,0.12,0.13,60686
NoMan,XLG,all,global,"deadlock, kayo, neon",590,0.86,173.8,0.85,113.5,69%,0.60,0.25,0.09,0.13,11527
bazz,CGZ,all,global,"astra, omen",203,0.86,182.2,0.82,109.7,73%,0.60,0.36,0.12,0.09,6702
g1tch2,,all,global,"sova, omen, kayo",271,0.86,157.8,0.74,112.0,65%,0.55,0.30,0.05,0.09,47505
Freshie,Xora,all,global,"phoenix, jett, waylay",318,0.86,199.1,0.89,135.2,67%,0.69,0.19,0.11,0.16,46363
Elab0rate,MAK,all,global,"chamber, viper, killjoy",257,0.86,202.8,0.83,137.3,63%,0.68,0.22,0.10,0.12,30700
Deadly10,RAD,all,global,"neon, jett, raze",206,0.86,189.5,0.86,122.2,63%,0.69,0.13,0.12,0.13,18702
nataNk,MDR,all,global,"viper, killjoy, sage",277,0.86,179.1,0.87,122.4,67%,0.60,0.19,0.10,0.13,5004
SexyChristian,SAD,all,global,"skye, kayo, sova",361,0.86,165.5,0.81,106.4,70%,0.60,0.39,0.06,0.09,12918
iansn,NXG,all,global,"tejo, fade, sova",373,0.86,177.2,0.78,124.1,71%,0.60,0.32,0.06,0.09,34624
flyuh,QOR,all,global,"breach, fade, kayo",283,0.86,167.5,0.74,107.5,75%,0.55,0.50,0.07,0.11,3685
Sayu,AGL,all,global,"neon, raze, phoenix",222,0.86,194.2,0.81,129.5,65%,0.64,0.17,0.09,0.14,58162
fukukeN,AGL,all,global,"viper, omen, astra",222,0.86,175.5,0.81,122.7,68%,0.60,0.23,0.08,0.09,33417
Okeanos,EG,vct,vct-americas,"omen, kayo, waylay",192,0.85,175.3,0.77,120.7,64%,0.60,0.25,0.06,0.10,8373
bipo,M8,all,"global,vct-emea","neon, jett, raze",291,0.85,188.3,0.90,117.8,63%,0.68,0.14,0.10,0.12,18400
Klaus,VL,vct,vct-pacific,"neon, killjoy, waylay",275,0.85,172.3,0.88,114.2,64%,0.63,0.15,0.12,0.14,4426
KiTae,GEN,all,"global,vct-pacific","omen, astra, fade",205,0.85,190.4,0.78,125.4,74%,0.59,0.34,0.08,0.14,62402
Toki,BAR.GC,gc,"gc,global","astra, omen, brimstone",577,0.85,175.4,0.78,114.6,67%,0.60,0.37,0.12,0.12,20055
Myxinhnhat,DAG,all,global,"waylay, raze, phoenix",208,0.85,185.6,0.83,132.5,66%,0.64,0.21,0.13,0.14,56060
desire,PEEK,all,global,"cypher, skye, fade",222,0.85,173.0,0.80,120.3,64%,0.59,0.25,0.07,0.12,25683
caelia,ATNR,all,global,"veto, phoenix, viper",261,0.85,192.0,0.90,125.1,65%,0.68,0.16,0.11,0.14,58391
Leooo,,all,global,"viper, chamber, cypher",212,0.85,185.8,0.85,126.8,62%,0.62,0.26,0.07,0.11,48313
LunaFox,MEOW,all,global,"skye, fade, sova",257,0.85,178.8,0.78,122.5,64%,0.60,0.27,0.10,0.11,17982
gobera,2G,all,global,"neon, raze, jett",212,0.85,195.3,0.93,122.2,67%,0.66,0.22,0.15,0.18,14950
kospa1n,MIR,all,global,"iso, vyse, veto",292,0.85,188.2,0.83,127.8,63%,0.65,0.16,0.10,0.17,57920
nicksz,ELV,all,global,"viper, phoenix, breach",224,0.85,172.8,0.82,113.4,76%,0.62,0.34,0.08,0.13,23010
santnas,TRN,all,global,"chamber, neon, waylay",391,0.85,197.0,0.87,126.3,68%,0.68,0.22,0.12,0.15,54802
valio,RV,all,global,"omen, brimstone, astra",200,0.85,170.7,0.79,107.4,70%,0.59,0.35,0.10,0.06,22475
sherb,Astr,all,global,"neon, killjoy, cypher",565,0.85,168.5,0.78,115.8,62%,0.58,0.21,0.08,0.10,21903
koalanoob,FUR,vct,"global,vct-americas","phoenix, omen, jett",360,0.84,181.6,0.82,120.4,68%,0.63,0.28,0.13,0.12,3722
Virtyy,LOUD,all,"global,vct-americas","neon, raze, jett",435,0.84,186.2,0.84,118.0,64%,0.65,0.16,0.14,0.19,3983
k9lyos,QM,all,global,"viper, veto, cypher",211,0.84,161.6,0.83,112.1,63%,0.59,0.21,0.06,0.08,46441
khaikky,TOT,all,global,"jett, waylay, raze",281,0.84,202.1,0.86,130.7,64%,0.69,0.18,0.16,0.19,48965
baze,ORA,all,global,"omen, astra",276,0.84,170.8,0.78,113.5,69%,0.57,0.38,0.04,0.10,30891
Helas,GMX,all,global,"kayo, killjoy, tejo",247,0.84,186.2,0.83,125.5,67%,0.65,0.19,0.13,0.11,46440
Redgar,MIR,all,global,"sova, breach, skye",292,0.84,159.1,0.79,103.6,69%,0.55,0.32,0.05,0.07,1427
satellite,SRB,all,global,"neon, tejo, iso",482,0.84,181.3,0.88,119.8,72%,0.64,0.21,0.10,0.15,29076
shion,F4T,all,global,"skye, fade, tejo",253,0.84,162.4,0.80,109.2,68%,0.57,0.28,0.04,0.05,1578
Walli,kirk,all,global,"omen, sova, tejo",327,0.84,151.6,0.74,99.6,68%,0.53,0.36,0.04,0.07,43159
YappA,GLS,all,global,"sova, fade, breach",277,0.84,157.5,0.76,109.6,69%,0.53,0.31,0.04,0.08,40665
zaj,SAD,all,global,"cypher, viper, yoru",213,0.84,172.7,0.86,118.2,67%,0.61,0.15,0.11,0.08,41550
XAViER,Pros,all,global,"phoenix, fade, sova",211,0.84,164.4,0.75,110.5,67%,0.55,0.36,0.04,0.09,3207
Raven,MAK,all,global,"raze, phoenix, jett",257,0.84,185.8,0.81,121.3,67%,0.64,0.23,0.12,0.14,38728
Desmo,FNC,vct,vct-emea,"phoenix, viper, kayo",58,0.83,166.0,0.83,98.2,72%,0.59,0.38,0.07,0.16,195
JayJay,,all,global,"neon, phoenix, viper",248,0.83,182.7,0.76,120.7,63%,0.61,0.30,0.10,0.16,53562
Ali,BURG,all,global,"deadlock, reyna, clove",233,0.83,181.2,0.80,121.1,66%,0.60,0.33,0.10,0.14,9835
sambae,Abde,all,global,"sova, fade, phoenix",221,0.83,171.2,0.80,120.0,65%,0.62,0.24,0.06,0.10,29685
cunhaa,RBT,all,global,"astra, omen, brimstone",332,0.83,160.4,0.81,105.9,68%,0.57,0.32,0.04,0.07,29340
may,SOTR,all,global,"astra, omen, clove",341,0.83,190.1,0.82,122.1,68%,0.66,0.35,0.12,0.14,43254
Bishepss,MIR,all,global,"omen, brimstone, astra",292,0.83,163.4,0.78,109.7,67%,0.58,0.35,0.08,0.07,31059
Makaveli,DXE,all,global,"omen, astra, brimstone",286,0.83,139.3,0.70,95.0,66%,0.49,0.33,0.06,0.05,30693
ray4c,AE,all,global,raze,410,0.83,183.9,0.78,121.7,70%,0.60,0.23,0.09,0.14,11666
Joojina,TLV,all,global,"brimstone, harbor, omen",302,0.83,157.4,0.70,102.2,72%,0.51,0.43,0.05,0.08,15297
Zexy,VL,vct,vct-pacific,"jett, waylay, phoenix",275,0.82,191.9,0.85,126.9,62%,0.67,0.18,0.13,0.15,37532
duhT,F4T,all,global,"omen, brimstone, astra",210,0.82,159.3,0.75,101.9,73%,0.56,0.34,0.08,0.09,5342
Kipperman,F9,all,global,"neon, raze, jett",215,0.82,202.6,0.88,128.0,64%,0.70,0.16,0.21,0.23,5498
v1nny,TBK,all,global,"fade, sova, tejo",224,0.82,150.9,0.75,101.6,69%,0.54,0.33,0.03,0.06,1586
KILLERJOHNSON77,,all,global,"veto, vyse, clove",353,0.82,163.6,0.79,112.5,60%,0.59,0.13,0.04,0.08,48811
Faska,OTK,all,global,"skye, sova, tejo",290,0.82,172.3,0.74,115.3,66%,0.57,0.30,0.06,0.08,24359
sumi,SSP,all,global,"neon, viper, omen",236,0.82,161.0,0.75,107.6,66%,0.56,0.33,0.06,0.10,30075
her,4S,all,global,"chamber, viper, vyse",452,0.82,180.8,0.82,123.7,66%,0.64,0.20,0.08,0.11,56064
Awkua,BOX,all,global,"astra, chamber, breach",371,0.82,173.4,0.82,117.3,68%,0.63,0.26,0.08,0.15,8405
theia,FLY,all,global,"omen, astra, brimstone",507,0.82,149.5,0.72,101.7,69%,0.51,0.40,0.06,0.11,17
Lendary,TBS.GC,gc,"gc,global","raze, jett",226,0.82,181.1,0.86,117.7,65%,0.68,0.08,0.17,0.20,37115
Docent,BJK,all,global,"brimstone, omen, harbor",432,0.82,158.5,0.74,105.7,71%,0.55,0.37,0.07,0.10,5500
Dantedeu5,KRÜ,vct,"global,vct-americas",neon,335,0.81,185.9,0.84,117.8,68%,0.64,0.25,0.16,0.18,41135
nez,CDMD,all,global,"fade, sova, skye",257,0.81,163.7,0.77,110.4,70%,0.54,0.38,0.05,0.07,22812
MerSa,BJK,all,global,"breach, fade, skye",432,0.81,141.3,0.75,96.7,69%,0.52,0.32,0.03,0.06,4892
Lay,,all,global,"fade, skye, sova",226,0.81,138.5,0.79,96.6,67%,0.55,0.24,0.04,0.05,27357
Tacolilla,BEST,all,global,"neon, phoenix, chamber",209,0.81,172.0,0.81,111.0,73%,0.59,0.19,0.11,0.13,3828
Kouf,YFP,all,global,"cypher, viper, kayo",268,0.81,164.9,0.75,111.8,64%,0.56,0.26,0.07,0.11,13754
Destrian,F9,all,global,"omen, brimstone",215,0.81,141.3,0.68,95.3,67%,0.48,0.36,0.05,0.08,1615
tdawgg,AXG,all,global,"fade, skye, sova",493,0.81,166.5,0.76,112.4,70%,0.55,0.34,0.06,0.10,3007
cutepenguin41,,all,global,"veto, chamber, iso",239,0.81,185.8,0.81,132.5,59%,0.65,0.15,0.10,0.20,63560
daiki,TLV,all,global,"breach, kayo, skye",302,0.81,156.8,0.73,105.7,69%,0.54,0.44,0.05,0.09,11232
Fit1nho,BAR,all,global,"sova, breach, skye",412,0.81,159.6,0.73,106.9,67%,0.54,0.33,0.05,0.09,292
yeetmachine,,all,global,"cypher, vyse",346,0.80,192.5,0.84,124.9,66%,0.68,0.20,0.11,0.12,58418
Kyun,,all,global,"sova, skye, fade",305,0.80,164.4,0.70,110.0,67%,0.54,0.28,0.06,0.10,17990
frogfurger,,all,global,"omen, sova, fade",267,0.80,168.7,0.68,113.5,66%,0.55,0.28,0.06,0.08,59090
Agr0,high,all,global,"sova, fade",216,0.80,170.5,0.74,120.7,68%,0.58,0.23,0.03,0.07,3218
splash,TYL,all,global,"neon, jett, waylay",259,0.80,220.0,0.91,129.5,67%,0.76,0.19,0.15,0.18,36685
Nidxvilco,FKS.S,all,global,"viper, killjoy, cypher",491,0.80,163.7,0.77,113.1,65%,0.57,0.22,0.06,0.09,29960
Bai,LAN,all,global,"neon, viper, vyse",216,0.80,192.5,0.91,117.3,71%,0.67,0.22,0.07,0.14,52101
joona,WADA,all,global,"brimstone, viper, vyse",237,0.80,153.1,0.72,101.8,67%,0.51,0.33,0.09,0.09,15016
Cebando,OXEN,all,global,"omen, astra, harbor",217,0.80,152.7,0.69,102.0,67%,0.52,0.35,0.03,0.06,9354
azaziN,O2G,all,global,"phoenix, raze, waylay",290,0.80,172.6,0.80,112.9,64%,0.62,0.17,0.12,0.16,36639
Battison,SOTR,all,global,"neon, waylay, killjoy",276,0.80,176.5,0.83,120.5,64%,0.65,0.18,0.10,0.11,43335
lyrical,Ace,all,global,"waylay, iso, viper",337,0.79,186.7,0.81,120.7,61%,0.64,0.18,0.16,0.22,46238
Jawad,GMX,all,global,"viper, cypher, vyse",247,0.79,173.0,0.78,117.9,62%,0.58,0.20,0.06,0.10,52924
Blossi,ATNR,all,global,"omen, harbor, brimstone",486,0.79,153.1,0.70,100.1,69%,0.52,0.38,0.05,0.10,17318
Tootsie,Temp,all,global,"fade, sova, skye",421,0.79,163.6,0.70,110.7,65%,0.55,0.35,0.06,0.08,30733
Life,DRG,all,global,"neon, chamber, phoenix",338,0.79,182.1,0.80,118.3,67%,0.63,0.20,0.15,0.18,3028
strahlen,FKS.S,all,global,"killjoy, astra, brimstone",491,0.79,152.9,0.74,102.6,64%,0.53,0.24,0.06,0.09,28686
murizzz,TBK,all,global,"vyse, cypher, brimstone",215,0.79,161.7,0.80,105.2,67%,0.59,0.31,0.05,0.08,783
isaa,TLV,all,global,"cypher, viper, killjoy",302,0.79,165.9,0.77,112.8,69%,0.56,0.22,0.08,0.11,14386
MrSpudButt,,all,global,"fade, sova, tejo",295,0.79,150.6,0.68,108.4,73%,0.49,0.33,0.04,0.08,60918
C1ndeR,VL,vct,vct-pacific,"omen, astra, breach",275,0.78,157.0,0.73,97.7,68%,0.54,0.36,0.06,0.07,2149
flux,Eter,all,global,"omen, raze, jett",250,0.78,172.1,0.76,116.0,66%,0.58,0.28,0.11,0.14,51798
ghoul,Eter,all,global,"iso, phoenix, waylay",211,0.78,191.2,0.75,128.5,59%,0.64,0.16,0.11,0.18,45482
Moothie,AGL,all,global,"harbor, viper, killjoy",222,0.78,164.0,0.75,112.8,61%,0.55,0.23,0.08,0.10,806
gH2k4,ROY,all,global,"raze, jett, waylay",252,0.77,193.2,0.83,129.1,64%,0.67,0.15,0.13,0.14,14574
Tim,ROSE,all,global,"omen, brimstone, chamber",370,0.77,170.6,0.71,108.6,63%,0.58,0.33,0.10,0.15,17751
Hazard,RBT,all,global,"tejo, viper, breach",332,0.77,165.1,0.77,117.3,65%,0.58,0.26,0.07,0.10,13274
JrayN,GS,all,global,"fade, sova, viper",216,0.77,145.9,0.70,95.0,69%,0.51,0.24,0.05,0.07,19776
C0M,EG,vct,vct-americas,"sova, fade, skye",192,0.76,152.4,0.67,106.0,65%,0.47,0.29,0.04,0.07,619
chillin,DGTL,all,global,"viper, omen, cypher",334,0.76,159.5,0.68,110.1,67%,0.52,0.31,0.05,0.07,29617
Jawsy,Meja,all,global,"waylay, neon, brimstone",212,0.75,170.2,0.73,118.3,60%,0.60,0.28,0.08,0.13,12964
Flamezz,Divi,all,global,"viper, skye, omen",254,0.75,153.2,0.67,103.0,58%,0.53,0.24,0.05,0.13,47989
Spitfires,TEC,all,global,"neon, jett, waylay",265,0.74,172.2,0.80,100.8,57%,0.62,0.12,0.07,0.12,4881
Haodong,TEC,all,global,"harbor, omen, astra",265,0.73,186.1,0.95,104.8,66%,0.67,0.34,0.05,0.12,4720
Allen,AGL,all,global,"sova, fade, cypher",222,0.73,145.6,0.70,103.3,59%,0.51,0.15,0.05,0.09,17111
Eggsterr,ENVY,vct,vct-americas,"omen, veto, harbor",231,0.72,174.4,0.71,107.5,66%,0.57,0.27,0.13,0.11,35302
Foxy9,GEN,vct,vct-pacific,"brimstone, omen",38,0.72,140.0,0.70,82.2,71%,0.50,0.34,0.05,0.05,11600
Victor,SEN,vct,vct-americas,"raze, neon",43,0.70,192.0,0.76,121.0,56%,0.65,0.12,0.23,0.21,261
Bati,LOUD,vct,vct-americas,"omen, kayo",152,0.70,140.0,0.61,89.9,66%,0.46,0.45,0.03,0.11,5203
gaia,ATNR,all,global,"chamber, jett, neon",225,0.70,145.2,0.70,102.1,61%,0.55,0.16,0.11,0.18,61124
Hermes,KRX,vct,vct-pacific,"vyse, cypher",42,0.69,143.0,0.63,101.3,62%,0.45,0.24,0.05,0.05,17049
TFUC,EVO,all,global,"fade, sova",271,0.69,151.7,0.65,104.7,65%,0.52,0.24,0.03,0.07,55582
Rimuru,TS,vct,vct-pacific,"neon, jett",141,0.67,159.8,0.70,111.2,59%,0.58,0.19,0.19,0.32,48439
Kladenstein,XOGG,all,global,"raze, phoenix, sova",222,0.67,138.3,0.62,95.6,63%,0.49,0.18,0.09,0.13,40074
b3zginn,DP,all,global,"astra, omen, brimstone",209,0.67,172.9,0.65,113.6,58%,0.55,0.30,0.14,0.17,58707
FNooB,XOGG,all,global,"fade, killjoy, skye",205,0.67,125.6,0.57,82.6,60%,0.45,0.17,0.06,0.11,36616
Kolosha,NAVI,vct,vct-emea,"waylay, neon",129,0.65,156.7,0.63,108.0,62%,0.50,0.27,0.12,0.21,37925
kipzie,,all,global,"yoru, omen, chamber",221,0.62,157.0,0.61,103.7,57%,0.54,0.23,0.10,0.19,57161
ting2k5,ROY,all,global,"raze, jett",200,0.51,149.9,0.56,101.1,56%,0.50,0.12,0.12,0.21,14213
